TypeOfShopId,DetailMarketId,TypeOfShop
1,1,ร้านค้าทั่วไป
2,2,ร้านขายต้นไม้
3,2,ร้านสัตว์เลี้ยง
4,2,กล้วยไม้และอุปกรณ์
5,2,ศูนย์อาหาร
6,4,ร้านก๋วยเตี๋ยว
7,4,ร้านข้าวมันไก่
8,4,ร้านข้าวหมูแดง
9,4,ร้านซูชิ
10,4,ร้านอาหารหลักประจำแต่ละภาค
11,4,ร้านนั่งชิว
12,5,ฟาสฟู๊ดอาหารคาว + หวาน
13,5,ของทานเล่น
14,6,ร้านเสื้อผ้า
15,6,ร้านขายสัตว์เลี้ยง
16,6,ร้านขายต้นไม้
17,6,ร้านค้าทั่วไป
18,9,ร้านเครื่องดื่ม
19,9,ร้านของทานเล่น
20,9,ร้านยำ
21,9,ร้านตำ
22,9,ร้านอาหารเหนือ
23,9,ร้านอาหารญี่ปุ่น
24,9,ร้านขนมจีนน้ำยา
25,9,ร้านข้าวราดแกง
26,9,ร้านอาหารตามสั่ง
27,9,ร้านหมูกะทะ
28,9,ร้านขายผัก
29,9,ร้านขายผลไม้
30,9,ร้านเสื้อผ้า
31,9,ร้านรองเท้า
32,10,กระเพรา ข้าวไข่เจียว แกงถุง แกงใต้ ของทานเล่น เสื้อผ้า ชองใช้ กิ๊ฟช้อป อาหารสัตว์ ของมือสอง
33,11,เดลี่โดนัด
34,11,ก๋วยเตี๋ยวต้มยำ
35,11,ก๋วยเตี๋ยวเนื้อตุ๋น
36,11,ผักสด
37,11,ปลาทู
38,11,ร้านโชว์ห่วย
39,11,ข้าวสาร
40,11,"ไก่สด,หมูสด,เนื้อสด"
41,11,อาหารทะเล
42,11,ขนมเค้ก เบเกอรี่ (ต้องการมาก)
43,13,ร้านค้าทั่วไป
44,13,ร้านอาหารทั่วไป
45,14,ร้านเครื่องดื่ม
46,14,ร้านของทานเล่น
47,14,ร้านชานมไข่มุก
48,14,ร้านอาหารตามสั่ง
49,14,ร้านเสื้อผ้า
50,14,ร้านรองเท้า
51,14,ร้านทำเล็บ
52,14,ร้านเสริมสวย
53,14,ร้านขายผัก
54,14,ร้านขายขนม
55,14,ร้านอาหารญี่ปุ่น
56,14,ร้านน้ำ
57,16,ก๋วยเตี๋ยว
58,16,ขาหมู
59,16,ผักสด
60,16,ข้าวมันไก่
61,16,ชานมไข่มุก
62,16,ร้านชมไข่มุก
63,17,ร้านค้าทั่วไป
64,17,ร้านอาหารสด
65,17,ร้านขายต้นไม้
66,17,ร้านทำเล็บ
67,17,ร้านเสริมสวย
68,17,ร้านขายเสื้อผ้า
69,18,ก๋วยเตี๋ยวเป็ด
70,18,ข้าวหมูกรอบหมูแดง
71,18,ก๋วยเตี๋ยวเรือ
72,18,ผักสด
73,18,ผลไม้
74,18,อาหารทะเล
75,18,ร้านขายเสื้อผ้า
76,18,ร้านขายยา
77,18,ร้านตัดขนสัตว์เลี้ยง
78,18,ร้านล้างรถคาร์แคร์
79,18,ร้านขายเฟอนิเจอร์
80,18,ร้านขายเครื่องใช้ไฟฟ้า
81,18,ร้านขายจักรยานยนต์
82,18,ผัดไทยหอยทอด
83,19,กุ้งอบวุ้นเส้น ปูอบวุ้นเส้น เกาเหลา เย็นตาโฟหม้อไฟ ปิ้งย่าง ชาบูเสียบไม้ (เดินกิน) ขนมไทย ขนมเบเกอรี่นานาชาติ ขนมเค้ก ขนมปัง ปลาน้ำจืดปลาเค็มทอด ปลาแดดเดียวทอด แมลงทอด ยำผลไม้ อาหารเกาหลีญี่ปุ่น บะหมี่เกี๊ยวหมูแดง ผัดไทย หอยทอด ปลาทูนึ่ง ปลาทูทอด หอยแครงแมลงภู่ กุ้ง ปูดอง แกงถุง กับข้าวเป็นถาด ข้าวนึ่ง ข้างหุง ข้างถ้วย ไก่ย่าง
84,19,เสื้อผ้า ของใช้ สินค้าแฟชั่น ถุงเท้า กางเกง เครื่องสำอาง อุปกรณ์เสริมสวย หรือเป็นอุปกรณ์ไฟฟ้าคอมพิวเตอร์สินค้าไอที สินค้าดีไอวายเครื่องเขียน ร้านทำเล็บ ร้านเสริมสวย ร้านตัดผม สินค้าผู้หญิงของเบ็ดเตล็ดได้หมด
85,19,"อาหาร ในกลุ่มรักสุขภาพก็พวก ผักสลัด,อาหารมังสวิรัติ อาหารเจ อาหารคีโตต่างๆ อาหารทานเล่น"
86,20,ร้านยา
87,20,ร้านรับส่งพัสดุ
88,20,ร้านเสริมสวย
89,20,ร้านทำเล็บ
90,20,ร้านตัดผมชาย
91,20,ร้านอุปกรณ์อิเล็กทรานิกส์
92,20,ร้านซ่อมโทรศัพท์
93,20,ร้านหมูกะทะ
94,20,ร้านขายต้นไม้
95,20,ร้านอาหารทะเล
96,21,ร้านค้าทั่วไป
97,21,ร้านอาหารทั่วไป
98,23,ร้านค้าทั่วไป
99,23,ร้านก๋วยเตี๋ยว
100,23,ร้านข้าวมันไก่
101,23,ร้านซูชิ
102,23,ร้านลูกชิ้นปิ้ง
103,23,ร้านหมูทอด
104,25,ร้านค้าส่งผลไม้
105,25,ร้านค้าส่งผัก
106,25,ร้านจำหน่ายปลาสวยงาม
107,25,ร้านค้าทั่วไป
108,26,ร้านอาหารทั่วไป
109,26,ร้านค้าทั่วไป
110,27,ร้านปลาสด
111,28,ร้านค้าทั่วไป
112,28,ร้านอาหารทั่วไป
113,29,ร้านค้าทั่วไป
114,29,แบรนด์
115,29,แฟรนไชส์
116,30,ร้านอาหารประเภท Take Home
117,31,ร้านค้าทั่วไป
118,32,ร้านค้าทั่วไป
119,32,ร้านอาหารทั่วไป
120,33,ร้านค้าทั่วไป
121,33,ร้านอาหารทั่วไป
122,34,ร้านค้าทั่วไป
123,34,ร้านอาหารทั่วไป
124,35,พิซซ่า
125,35,เคบับ
126,35,โรตี
127,35,ลาชัญญ่า
128,35,มาม่าผัด
129,35,ขนมโตเกียว
130,35,ทาโกยากิ
131,35,ส้มตำ
132,35,อาหารเกาหลี
133,35,บะหมี่เกี๊ยว
134,35,อาหารซีฟู้ด
135,35,ซูซิ
136,35,เครปเย็น
137,35,ผลไม้อบแห้ง
138,36,ร้านค้าทั่วไป
139,36,ร้านอาหารทั่วไป
140,37,ร้านส้มตำ
141,37,ร้านยำ
142,37,ขนมเบเกอรี่
143,37,ก๋วบจั๊บ
144,37,ต้มเลือดหมู
145,37,อาหารญี่ปุ่น
146,37,อาหารเกาหลี
147,37,สเต๊ก
148,38,ร้านสะดวกซื้อ
149,38,ร้านทำผม
150,38,ร้านนวดแผนไทย
151,38,ร้านลูกชิ้นทอด
152,38,ร้านซีฟู๊ด
153,38,ร้านอาหาร
154,38,ร้านค้าทั่วไป
155,39,ร้านเสริมสวย
156,39,ร้านตัดผม
157,39,ร้านนวด
158,39,ร้านอาหารจานด่วน
159,40,รับทุกประเภท ยกเว้น ร้านน้ำ
160,41,ร้านค้าทั่วไป
161,41,ร้านราดหน้า
162,41,ร้านหมูทอดข้าวเหนียว
163,41,ร้านสเต็ก
164,41,ร้านซูชิ
165,41,ร้านขนมไทย
166,41,ร้านเค้ก
167,41,ร้านราเม็ง
168,42,ร้านค้าทั่วไป
169,42,ร้านขายอาหาร
170,43,โจ๊ก
171,43,ร้านซูชิ
172,43,ก๋วยเตี๋ยว
173,43,ข้าวราดแกง
174,43,อาหารพร้อมทาน
175,43,ขนมแล
176,43,ร้านค้าทั่วไป
177,43,ร้านอาหารทั่วไป
178,44,ร้านอาหารปรุงสุก
179,44,ร้านขายยา
180,44,ขายอาหารสัตว์
181,44,กระเป๋า
182,44,เสื้อผ้า
183,44,รองเท้า
184,44,เครื่องประดับ
185,44,กิ๊ฟช็อป
186,46,ร้านของฝากที่ระลึก
187,46,สินค้า OTOP
188,46,สินค้า Hand made
189,46,อาหารญี่ปุ่น
190,46,ร้านนั่งชิว
191,47,ร้านค้าทั่วไป
192,49,ร้านอาหาร
193,49,ซีฟู้ด
194,49,ชาบูปิ้งย่าง
195,49,หม่าล่า
196,49,ข้าวหมูกรอบหมูแดง
197,49,ข้าวมันไก่
198,49,ข้าวขาหมู
199,49,ร้านขายยา
200,49,ร้านเสริมสวย
201,49,ร้านสปานวดแผนไทย
202,49,ร้านอาหารสัตว์
203,50,ร้านค้าทั่วไป
204,52,ร้านค้าทั่วไป
205,52,แบรนด์
206,52,แฟรนไชส์
207,53,ร้านค้าทั่วไป
208,55,ร้านค้าทั่วไป
209,55,ร้านขายผัก
210,55,ร้านอาหารทั่วไป
211,55,เสื้อผ้าแฟชั่น
212,56,ร้านค้าทั่วไป
213,56,ร้านอาหารทั่วไป
214,59,ร้านอาหารทุกประเภท
215,59,ร้านค้าทั่วไป
216,61,ร้านค้าทั่วไป
217,61,ร้านอาหาร
218,61,ร้านโทรศัพท์
219,63,ร้านค้าทั่วไป
220,65,ร้านค้าทั่วไป
221,66,เนื้อสัตว์
222,66,ปลาหมึกย่าง
223,66,อาหารทะเล
224,66,ส้มตำ
225,66,ข้าวมันไก่
226,70,ร้านข้าวหมูแดง
227,70,ร้านข้าวหมูกรอบ
228,70,ร้านก๋วยเตี๋ยว
229,70,ร้านก๋วยจั๊บ
230,70,ร้านขายอาหารตักและแกงถุง
231,70,ร้านข้าวมันไก่ต้ม/ไก่ทอด
232,70,ร้านอาหารตามสั่ง
233,70,ร้านทุกอย่าง 20
234,70,ร้านขายอุปกรณ์ต่างๆ
235,70,ร้านตัดผมชาย/หญิง
236,70,ร้านเสริมสวย
237,70,ร้านทำเล็บ
238,70,ศูนย์การศึกษา
239,70,ขนส่งต่างๆ
240,70,ร้านอาหารต่างๆ
241,70,ร้านหมูกระทะ
242,70,ร้านชาบู
243,70,ร้านจิ้มจุ่ม
244,70,หมูสด
245,70,ไก่สด
246,70,เนื้อสด
247,70,ร้านผัก
248,70,ลูกชิ้นและเส้น
249,72,สเต็ก/ สปาเก็ตตี้
250,72,ร้านแกงป่า / ผัดป่า
251,72,ผัดไทย /หอยทอด
252,72,กล้วยทอด มันทอด
253,72,ไอศกรีม/ น้ำแข็งใส
254,72,น้ำผลไม้ปั่น
255,75,ร้านอาหารไทย
256,75,ร้านอาหารนานาชาติ
257,75,ร้านขายผัก
258,75,ร้านขายเนื้อสัตว์
259,75,ร้านก๋วยเตี๋ยว
260,75,ร้านของทานเล่น
261,75,ร้านขนม
262,75,ร้านเสื้อผ้า
263,75,ร้านเสริมสวย
264,75,ร้านนวดแผนไทย
265,75,ร้านกิ๊ฟช๊อฟ
266,75,ร้านขายของฝาก
267,75,ร้านทุกอย่าง20
268,75,ร้านโทรศัพท์
269,76,ร้านข้าวแกง
270,76,ร้านเสริมสวย
271,76,คลีนิคต่างๆ
272,76,ร้านค้าทั่วไป
273,76,ร้านอาหารทั่วไป
274,78,ร้านอาหารทั่วไป
275,78,ร้าน Street Food
276,78,ร้านขายผัก
277,78,ร้านผลไม้
278,78,ร้านขายเนื้อสัตว์
279,78,ร้านค้าทั่วไป
280,79,ก๋วยเตี๋ยว
281,79,ขาหมู
282,79,ผักสด
283,80,ร้านค้าทั่วไป
284,81,ร้านค้าทั่วไป
285,82,ร้านค้าทั่วไป
286,83,ร้านค้าทั่วไป
287,84,ร้านค้าทั่วไป
288,85,ร้านค้าทั่วไป
289,86,ร้านค้าทั่วไป
290,87,ร้านค้าทั่วไป
291,88,ร้านค้าทั่วไป
292,89,ร้านค้าทั่วไป
293,90,ร้านค้าทั่วไป
294,91,ร้านค้าทั่วไป
295,92,ร้านค้าทั่วไป
296,93,ร้านค้าทั่วไป
297,95,ร้านค้าทั่วไป
298,95,ร้านอาหารทั่วไป
299,96,อาหารตามสั่ง
300,96,ข้าวหมูแดง หมูกรอบ
301,96,ข้าวขาหมู/ ก๋วยเตี๋ยวหมูตุ๋น
302,96,ข้าวต้ม
303,96,ก๋วยจั๊บ/ กว๋ยจั๊บญวณ
304,96,ต้มยำ/ ต้มแซบกระดูกอ่อน
305,96,ต้มแซบเนื้อวัว/ เคื่องในวัว/เอ
306,96,ขนมจีบ/ ซาลาเปา
307,96,ลาดหน้า
308,96,ไก่ทอด/ หมูทอด
309,96,หมูย่าง/ เนื้อย่าง
310,96,ไก่ย่าง/ ส้มตำ
311,96,ก๋วยเตี๋ยวหลอด
312,96,ก๋วยเตี๋ยวเป็ด/ ข้าวหน้าเป็ด
313,96,ข้าวมันไก่/ ก๋วยเตี๋ยวไก่
314,96,ก๋วยเตี๋ยวต้มยำหมูโบราน/ ข้าวม
315,96,ผัดไทย/ หอยทอด
316,96,บะหมี่ หมูแดง/ เกี๊ยวน้ำ
317,96,หมูสะเต๊ะ
318,96,ข้าวหมกไก่
319,96,ข้าวหมกเนื้อ
320,96,เผือกทอด/ ไชเท้าทอด/ กุยช่ายทอ
321,96,ปอเปี๊ยะสด/ ปอเปี๊ยะทอด
322,96,น้ำเต้าหู้/ ปาท่องโก่
323,96,ขนมบ้าบ่น/ ขนมไทยต่างๆ
324,96,ไอศกรีมมะพ้ราว
325,96,ปลาหมึกย่าง
326,97,ร้านค้าทั่วไป
327,99,ร้านยำ
328,99,ขนมจีบ ซาลาเปา
329,99,ปลาหมึกย่าง
330,99,ซูซิ
331,99,ทาโกะยากิ
332,99,กล้วยปิ้ง
333,99,พิซซ่า
334,99,อาหารทะเล
335,99,ปลาสด
336,99,ร้านเสื้อผ้า
337,99,ร้านตัดผม‍
338,99,ร้านอาหารสัตว์
339,102,ร้านค้าทั่วไป
340,103,ผู้ค้าส่งผัก
341,103,ผู้ค้าส่งผลไม้
342,103,ร้านอาหาร
343,103,ร้านค้าทั่วไป
344,104,ร้านค้าทั่วไป
345,105,ร้านค้าทั่วไป
346,106,ร้านค้าทั่วไป
347,107,ร้านค้าทั่วไป
348,108,ร้านค้าทั่วไป
349,109,ร้านค้าทั่วไป
350,110,ร้านค้าทั่วไป
351,111,ร้านค้าทั่วไป
352,112,ร้านค้าทั่วไป
353,113,ร้านค้าทั่วไป
354,114,ร้านค้าทั่วไป
355,115,ร้านค้าทั่วไป
356,116,ร้านค้าทั่วไป
357,117,ร้านค้าทั่วไป
358,118,ร้านค้าทั่วไป
359,119,ร้านค้าทั่วไป
360,120,ร้านค้าทั่วไป
361,121,ร้านค้าทั่วไป
362,122,ร้านค้าทั่วไป
363,123,ร้านค้าทั่วไป
364,124,ร้านค้าทั่วไป
365,125,ร้านค้าทั่วไป
366,126,ร้านค้าทั่วไป
367,127,ร้านค้าทั่วไป
368,128,ร้านค้าทั่วไป
369,129,ร้านค้าทั่วไป
370,130,ร้านค้าทั่วไป
371,131,ร้านค้าทั่วไป
372,132,ร้านค้าทั่วไป
373,133,ร้านค้าทั่วไป
374,134,ร้านค้าทั่วไป
375,135,ร้านค้าทั่วไป
376,136,ร้านค้าทั่วไป
377,137,ร้านค้าทั่วไป
378,138,ร้านค้าทั่วไป
379,139,ร้านค้าทั่วไป
380,140,ร้านค้าทั่วไป
381,141,ร้านค้าทั่วไป
382,142,ร้านค้าทั่วไป
383,143,ร้านค้าทั่วไป
384,144,ร้านค้าทั่วไป
385,145,ร้านค้าทั่วไป
386,146,ร้านค้าทั่วไป
387,147,ร้านค้าทั่วไป
388,148,ร้านค้าทั่วไป
389,149,ร้านค้าทั่วไป
390,150,ร้านค้าทั่วไป
391,151,ร้านค้าทั่วไป
392,152,ร้านค้าทั่วไป
393,153,ร้านค้าทั่วไป
394,154,ร้านค้าทั่วไป
395,155,ร้านค้าทั่วไป
396,156,ร้านค้าทั่วไป
397,157,ร้านค้าทั่วไป
398,158,ร้านค้าทั่วไป
399,159,ร้านค้าทั่วไป
400,160,ร้านค้าทั่วไป
401,161,ร้านค้าทั่วไป
402,162,ร้านค้าทั่วไป
403,163,ร้านค้าทั่วไป
404,164,ร้านค้าทั่วไป
405,165,ร้านค้าทั่วไป
406,166,ร้านค้าทั่วไป
407,167,ร้านค้าทั่วไป
408,168,ร้านค้าทั่วไป
409,169,ร้านค้าทั่วไป
410,170,ร้านค้าทั่วไป
411,171,ร้านค้าทั่วไป
412,172,ร้านค้าทั่วไป
413,173,ร้านค้าทั่วไป
414,174,ร้านค้าทั่วไป
415,175,ร้านค้าทั่วไป
416,176,ร้านค้าทั่วไป
417,177,ร้านค้าทั่วไป
418,178,ร้านค้าทั่วไป
419,179,ร้านค้าทั่วไป
420,180,ร้านค้าทั่วไป
421,182,ร้านค้าทั่วไป
422,183,ร้านค้าทั่วไป
423,184,ร้านค้าทั่วไป
424,185,ร้านซักอบรีด
425,185,ร้านทำเสริมสวย
426,185,ร้านบริการส่งพัสดุ
427,185,ร้านตัดผม
428,185,ร้านนวดแผนโบราณ
429,185,ร้านอาหารชาบูบุฟเฟ่ต์
430,185,ร้านเซอร์วิซรถยนต์
431,187,ร้านอาหารไทย
432,187,ร้านซูชิ
433,187,ร้านอาหารเกาหลี
434,187,คาเฟ่
435,187,ร้านนั่งชิว ดนตรีสด
436,188,ก๋วยเตี๋ยว
437,188,ร้านซูชิ
438,188,ร้านพิซซ่า
439,188,ข้าวหน้าเป็ด
440,188,ขนมหวาน
441,188,หอยทอด
442,188,ผัดไทย
443,188,ร้านขายต้นไม้
444,188,ร้านค้าทั่วไป
445,188,ร้านอาหารทั่วไป
446,188,เบเกอรี่
447,189,ร้านค้าทั่วไป
448,189,ร้านอาหารทั่วไป
449,190,ร้านกาแฟ
450,190,ร้านมินิมาร์ท
451,190,ร้านอาหารทั่วไป
452,191,ผัดไทย
453,191,ผัดไทย 2
454,197,ร้านค้าทั่วไป
455,198,ร้านค้าทั่วไป
456,199,ร้านค้าทั่วไป
457,200,ร้านค้าทั่วไป
458,201,ร้านค้าทั่วไป
459,202,ร้านค้าทั่วไป
460,203,ร้านค้าทั่วไป
461,204,ร้านค้าทั่วไป
462,205,ร้านค้าทั่วไป
463,206,ร้านค้าทั่วไป
464,207,ร้านค้าทั่วไป
465,208,ร้านค้าทั่วไป
466,209,ร้านค้าทั่วไป
467,210,ร้านค้าทั่วไป
468,211,ร้านค้าทั่วไป
469,212,ร้านค้าทั่วไป
470,213,ร้านค้าทั่วไป
471,214,ร้านค้าทั่วไป
472,215,รับสินค้าทุกประเภท
473,216,ร้านค้าทั่วไป
474,217,ร้านค้าทั่วไป
475,218,ร้านค้าทั่วไป
476,219,ร้านค้าทุกประเภท
477,220,ร้านค้าทั่วไป
478,221,ร้านค้าทั่วไป
479,222,ร้านค้าทั่วไป
480,223,ร้านค้าทั่วไป
481,224,ร้านค้าทั่วไป
482,225,ร้านค้าทั่วไป
483,226,ร้านค้าทั่วไป
484,227,ร้านค้าทั่วไป
485,228,ร้านค้าทั่วไป
486,229,ร้านค้าทั่วไป
487,230,ร้านค้าทั่วไป
488,231,ร้านค้าทั่วไป
489,232,ร้านค้าทั่วไป
490,233,ร้านค้าทั่วไป
491,234,ร้านค้าทั่วไป
492,235,ร้านค้าทั่วไป
493,236,ร้านค้าทั่วไป
494,237,ร้านค้าทั่วไป
495,238,ร้านค้าทั่วไป
496,239,ร้านค้าทั่วไป
497,240,ร้านค้าทั่วไป
498,241,ร้านค้าทั่วไป
499,242,ร้านค้าทั่วไป
500,243,ร้านค้าทั่วไป
501,244,ร้านค้าทั่วไป
502,245,ร้านค้าทั่วไป
503,246,ร้านค้าทั่วไป
504,247,ร้านค้าทั่วไป
505,248,ร้านค้าทั่วไป
506,249,ร้านค้าทั่วไป
507,250,ร้านค้าทั่วไป
508,251,ร้านค้าทั่วไป
509,252,ร้านค้าทั่วไป
510,253,ร้านค้าทั่วไป
511,254,ร้านค้าทั่วไป
512,255,ร้านค้าทั่วไป
513,256,ร้านค้าทั่วไป
514,257,ร้านค้าทั่วไป
515,258,ร้านค้าทั่วไป
516,259,ร้านค้าทั่วไป
517,260,ร้านค้าทั่วไป
518,261,ร้านค้าทั่วไป
519,262,ร้านค้าทั่วไป
520,263,ร้านค้าทั่วไป
521,264,ร้านค้าทั่วไป
522,265,ร้านค้าทั่วไป
523,266,ร้านค้าทั่วไป
524,267,ร้านค้าทั่วไป
525,268,ร้านค้าทั่วไป
526,269,ร้านค้าทั่วไป
527,270,ร้านค้าทั่วไป
528,271,ร้านค้าทั่วไป
529,272,ร้านค้าทั่วไป
530,273,ร้านค้าทั่วไป
531,274,ร้านค้าทั่วไป
532,275,ร้านค้าทั่วไป
533,276,ร้านค้าทั่วไป
534,277,ร้านค้าทั่วไป
535,278,ร้านค้าทั่วไป
536,279,ร้านค้าทั่วไป
537,280,ร้านค้าทั่วไป
538,281,ร้านค้าทั่วไป
539,282,ร้านค้าทั่วไป
540,283,ร้านค้าทั่วไป
541,284,ร้านค้าทั่วไป
542,285,ร้านค้าทั่วไป
543,286,ร้านค้าทั่วไป
544,287,ร้านค้าทั่วไป
545,288,ร้านค้าทั่วไป
546,289,ร้านค้าทั่วไป
547,290,ร้านค้าทั่วไป
548,291,ร้านค้าทั่วไป
549,292,ร้านค้าทั่วไป
550,293,รับสินค้าทุกประเภท
551,294,รับสินค้าทุกประเภท
552,295,รับสินค้าทุกประเภท
553,296,รับสินค้าทุกประเภท
554,297,รับสินค้าทุกประเภท
555,298,รับสินค้าทุกประเภท
556,299,รับสินค้าทุกประเภท
557,300,รับสินค้าทุกประเภท
558,301,รับสินค้าทุกประเภท
559,302,รับสินค้าทุกประเภท
560,303,รับสินค้าทุกประเภท
561,304,รับสินค้าทุกประเภท
562,305,รับสินค้าทุกประเภท
563,306,รับสินค้าทุกประเภท
564,307,รับสินค้าทุกประเภท
565,308,รับสินค้าทุกประเภท
566,309,รับสินค้าทุกประเภท
567,310,รับสินค้าทุกประเภท
568,311,รับสินค้าทุกประเภท
569,312,รับสินค้าทุกประเภท
570,313,รับสินค้าทุกประเภท
571,314,รับสินค้าทุกประเภท
572,315,รับสินค้าทุกประเภท
573,316,รับสินค้าทุกประเภท
574,317,รับสินค้าทุกประเภท
575,318,รับสินค้าทุกประเภท
576,319,รับสินค้าทุกประเภท
577,320,รับสินค้าทุกประเภท
578,321,รับสินค้าทุกประเภท
579,322,ร้านค้าทั่วไป
580,323,รับสินค้าทุกประเภท
581,324,ร้านค้าทั่วไป
582,325,ร้านค้าทั่วไป
583,326,ร้านค้าทุกประเภท
584,327,ร้านค้าทั่วไป
585,328,ร้านค้าทั่วไป
586,329,ร้านค้าทั่วไป
587,330,ร้านค้าทั่วไป
588,331,ร้านค้าทั่วไป
589,332,รับสินค้าทุกประเภท
590,333,รับสินค้าทุกประเภท
591,334,รับสินค้าทุกประเภท
592,335,รับสินค้าทุกประเภท
593,336,รับสินค้าทุกประเภท
594,337,รับสินค้าทุกประเภท
595,338,รับสินค้าทุกประเภท
596,339,รับสินค้าทุกประเภท
597,340,รับสินค้าทุกประเภท
598,341,รับสินค้าทุกประเภท
599,342,รับสินค้าทุกประเภท
600,343,รับสินค้าทุกประเภท
601,344,รับสินค้าทุกประเภท
602,345,รับสินค้าทุกประเภท
603,346,รับสินค้าทุกประเภท
604,347,ร้านค้าทั่วไป
605,348,รับสินค้าทุกประเภท
606,349,ร้านค้าทั่วไป
607,350,รับสินค้าทุกประเภท
608,351,ร้านค้าทั่วไป
609,352,รับสินค้าทุกประเภท
610,353,รับสินค้าทุกประเภท
611,354,รับสินค้าทุกประเภท
612,355,รับสินค้าทุกประเภท
613,356,รับสินค้าทุกประเภท
614,357,รับสินค้าทุกประเภท
615,358,รับสินค้าทุกประเภท
616,359,รับสินค้าทุกประเภท
617,360,ร้านค้าทั่วไป
618,361,ร้านค้าทั่วไป
619,362,ร้านค้าทั่วไป
620,363,ร้านค้าทั่วไป
621,364,ร้านค้าทั่วไป
622,365,ร้านค้าทั่วไป
623,366,ร้านค้าทั่วไป
624,367,ร้านค้าทั่วไป
625,368,ร้านค้าทั่วไป
626,369,ร้านค้าทั่วไป
627,370,ร้านค้าทั่วไป
628,371,ร้านค้าทั่วไป
629,372,ร้านค้าทั่วไป
630,373,ร้านค้าทั่วไป
631,374,ร้านค้าทั่วไป
632,375,ร้านค้าทั่วไป
633,376,ร้านค้าทั่วไป
634,377,ร้านค้าทั่วไป
635,378,ร้านค้าทั่วไป
636,379,ร้านค้าทั่วไป
637,380,ร้านค้าทั่วไป
638,381,ร้านค้าทั่วไป
639,382,ร้านค้าทั่วไป
640,383,ร้านค้าทั่วไป
641,384,ร้านค้าทั่วไป
642,385,ร้านค้าทั่วไป
643,386,ร้านค้าทั่วไป
644,387,ร้านค้าทั่วไป
645,388,ร้านค้าทั่วไป
646,389,ร้านค้าทั่วไป
647,390,ร้านค้าทั่วไป
648,391,ร้านค้าทั่วไป
649,392,ร้านค้าทั่วไป
650,393,ร้านค้าทั่วไป
651,394,ร้านค้าทั่วไป
652,395,ร้านค้าทั่วไป
653,396,ร้านค้าทั่วไป
654,397,รับสินค้าทุกประเภท
655,398,รับสินค้าทุกประเภท
656,399,รับสินค้าทุกประเภท
657,400,รับสินค้าทุกประเภท
658,401,ร้านค้าทั่วไป
659,402,ร้านค้าทั่วไป
660,403,รับสินค้าทุกประเภท
661,404,รับสินค้าทุกประเภท
662,405,รับสินค้าทุกประเภท
663,406,รับสินค้าทุกประเภท
664,407,รับสินค้าทุกประเภท
665,408,รับสินค้าทุกประเภท
666,409,รับสินค้าทุกประเภท
667,410,ร้านค้าทั่วไป
668,411,รับสินค้าทุกประเภท
669,412,ร้านค้าทั่วไป
670,413,ร้านค้าทั่วไป
671,414,ร้านค้าทั่วไป
672,415,ร้านค้าทั่วไป
673,416,ร้านค้าทั่วไป
674,417,ร้านค้าทั่วไป
675,418,ร้านค้าทั่วไป
676,419,รับสินค้าทุกประเภท
677,420,ร้านค้าทั่วไป
678,421,ร้านค้าทั่วไป
679,422,ร้านค้าทั่วไป
680,423,ร้านค้าทั่วไป
681,424,ร้านค้าทั่วไป
682,425,ร้านค้าทั่วไป
683,426,ร้านค้าทั่วไป
684,427,ร้านค้าทั่วไป
685,428,ร้านค้าทั่วไป
686,429,ร้านค้าทั่วไป
687,430,ร้านค้าทั่วไป
688,431,ร้านค้าทั่วไป
689,432,ร้านค้าทั่วไป
690,433,ร้านค้าทั่วไป
691,434,ร้านค้าทั่วไป
692,435,ร้านค้าทั่วไป
693,436,ร้านค้าทั่วไป
694,437,ร้านค้าทั่วไป
695,438,ร้านค้าทั่วไป
696,439,ร้านค้าทั่วไป
697,440,ร้านค้าทั่วไป
698,441,ร้านค้าทั่วไป
699,442,ร้านค้าทั่วไป
700,443,ร้านค้าทั่วไป
701,444,ร้านค้าทั่วไป
702,445,ร้านค้าทั่วไป
703,446,ร้านค้าทั่วไป
704,447,ร้านค้าทั่วไป
705,448,ร้านค้าทั่วไป
706,449,รับสินค้าทุกประเภท
707,450,รับสินค้าทุกประเภท
708,451,ร้านค้าทั่วไป
709,452,ร้านค้าทั่วไป
710,453,ร้านค้าทั่วไป
711,454,ร้านค้าทั่วไป
712,455,ร้านค้าทั่วไป
713,456,ร้านค้าทั่วไป
714,457,ร้านค้าทั่วไป
715,458,ร้านค้าทั่วไป
716,459,ร้านค้าทั่วไป
717,460,ร้านค้าทั่วไป
718,461,ร้านค้าทั่วไป
719,462,ร้านค้าทั่วไป
720,463,ร้านค้าทั่วไป
721,464,ร้านค้าทั่วไป
722,465,รา้นค้าทั่วไป
723,466,ร้านค้าทั่วไป
724,467,ร้านค้าทั่วไป
725,468,ร้านค้าทั่วไป
726,469,ร้านค้าทั่วไป
727,470,ร้านค้าทั่วไป
728,471,ร้านค้าทั่วไป
729,472,รับสินค้าทุกประเภท
730,473,รับสินค้าทุกประเภท
731,474,รับสินค้าทุกประเภท
732,475,รับสินค้าทุกประเภท
733,476,รับสินค้าทุกประเภท
734,477,รับสินค้าทุกประเภท
735,478,รับสินค้าทุกประเภท
736,479,รับสินค้าทุกประเภท
737,480,รับสินค้าทุกประเภท
738,481,รับสินค้าทุกประเภท
739,482,รับสินค้าทุกประเภท
740,483,รับสินค้าทุกประเภท
741,484,รับสินค้าทุกประเภท
742,485,รับสินค้าทุกประเภท
743,486,ร้านค้าทั่วไป
744,487,ร้านค้าทั่วไป
745,488,ร้านค้าทั่วไป
746,489,ร้านค้าทั่วไป
747,490,ร้านค้าทั่วไป
748,491,ร้านค้าทั่วไป
749,492,ร้านค้าทั่วไป
750,493,ร้านค้าทั่วไป
751,494,ร้านค้าทั่วไป
752,495,ร้านค้าทั่วไป
753,496,ร้านค้าทั่วไป
754,497,ร้านค้าทั่วไป
755,498,ร้านค้าทั่วไป
756,499,ร้านค้าทั่วไป
757,500,ร้านค้าทั่วไป
758,501,ร้านค้าทั่วไป
759,502,ร้านค้าทั่วไป
760,503,ร้านค้าทั่วไป
761,504,ร้านค้าทั่วไป
762,505,ร้านค้าทั่วไป
763,506,ร้านค้าทั่วไป
764,507,ร้านค้าทั่วไป
765,508,ร้านค้าทั่วไป
766,509,ร้านค้าทั่วไป
767,510,ร้านค้าทั่วไป
768,511,ร้านค้าทั่วไป
769,512,ร้านค้าทั่วไป
770,513,ร้านค้าทั่วไป
771,514,ร้านค้าทั่วไป
772,515,ร้านค้าทั่วไป
773,516,ร้านค้าทั่วไป
774,517,ร้านค้าทั่วไป
775,518,ร้านค้าทั่วไป
776,519,ร้านค้าทั่วไป
777,520,ร้านค้าทั่วไป
778,521,ร้านค้าทั่วไป
779,522,ร้านค้าทั่วไป
780,523,ร้านค้าทั่วไป
781,524,ร้านค้าทั่วไป
782,525,ร้านค้าทั่วไป
783,526,ร้านค้าทั่วไป
784,527,ร้านค้าทั่วไป
785,528,ร้านค้าทั่วไป
786,529,ร้านค้าทั่วไป
787,530,ร้านค้าทั่วไป
788,531,ร้านค้าทั่วไป
789,532,ร้านค้าทั่วไป
790,533,ร้านค้าทั่วไป
791,534,ร้านค้าทั่วไป
792,535,ร้านค้าทั่วไป
793,536,ร้านค้าทั่วไป
794,537,ร้านค้าทั่วไป
795,538,ร้านค้าทั่วไป
796,539,ร้านค้าทั่วไป
797,540,ร้านค้าทั่วไป
798,541,ร้านค้าทั่วไป
799,542,ร้านค้าทั่วไป
800,543,ร้านค้าทั่วไป
801,544,ร้านค้าทั่วไป
802,545,ร้านค้าทั่วไป
803,546,ร้านค้าทั่วไป
804,547,ร้านค้าทั่วไป
805,548,ร้านค้าทั่วไป
806,549,ร้านค้าทั่วไป
807,550,ร้านค้าทั่วไป
808,551,ร้านค้าทั่วไป
809,552,ร้านค้าทั่วไป
810,553,ร้านค้าทั่วไป
811,554,รับสินค้าทุกประเภท
812,555,ร้านค้าทั่วไป
813,556,รับสินค้าทุกประเภท
814,557,ร้านค้าทั่วไป
815,558,รับสินค้าทุกประเภท
816,559,ร้านค้าทั่วไป
817,560,ร้านค้าทั่วไป
818,561,ร้านค้าทั่วไป
819,562,ร้านค้าทั่วไป
820,563,รับสินค้าทุกประเภท
821,564,ร้านค้าทั่วไป
822,565,รับสินค้าทุกประเภท
823,566,ร้านค้าทั่วไป
824,567,รับสินค้าทุกประเภท
825,568,ร้านค้าทั่วไป
826,569,รับสินค้าทุกประเภท
827,570,รับสินค้าทุกประเภท
828,571,ร้านค้าทั่วไป
829,572,รับสินค้าทุกประเภท
830,573,รับสินค้าทุกประเภท
831,574,รับสินค้าทุกประเภท
832,575,รับสินค้าทุกประเภท
833,576,รับสินค้าทุกประเภท
834,577,รับสินค้าทุกประเภท
835,578,รับสินค้าทุกประเภท
836,579,ร้านค้าทั่วไป
837,580,รับสินค้าทุกประเภท
838,581,ร้านค้าทั่วไป
839,582,รับสินค้าทุกประเภท
840,583,ร้านค้าทั่วไป
841,584,รับสินค้าทุกประเภท
842,585,ร้านค้าทั่วไป
843,586,รับสินค้าทุกประเภท
844,587,ร้านค้าทั่วไป
845,588,ร้านค้าทั่วไป
846,589,ร้านค้าทั่วไป
847,590,ร้านค้าทั่วไป
848,591,ร้านค้าทั่วไป
849,592,ร้านค้าทั่วไป
850,593,ร้านค้าทั่วไป
851,594,ร้านค้าทั่วไป
852,595,ร้านค้าทั่วไป
853,596,ร้านค้าทั่วไป
854,597,ร้านค้าทั่วไป
855,598,ร้านค้าทั่วไป
856,599,ร้านค้าทั่วไป
857,600,รับสินค้าทุกประเภท
858,601,รับสินค้าทุกประเภท
859,602,รับสินค้าทุกประเภท
860,603,รับสินค้าทุกประเภท
861,604,รับสินค้าทุกประเภท
862,605,รับสินค้าทุกประเภท
863,606,รับสินค้าทุกประเภท
864,607,รับสินค้าทุกประเภท
865,608,รับสินค้าทุกประเภท
866,609,รับสินค้าทุกประเภท
867,610,รับสินค้าทุกประเภท
868,611,รับสินค้าทุกประเภท
869,612,รับสินค้าทุกประเภท
870,613,รับสินค้าทุกประเภท
871,614,รับสินค้าทุกประเภท
872,615,รับสินค้าทุกประเภท
873,616,ร้านค้าทั่วไป
874,617,รับสินค้าทุกประเภท
875,618,ร้านค้าทั่วไป
876,619,ร้านค้าทั่วไป
877,620,ร้านค้าทั่วไป
878,621,รับสินค้าทุกประเภท
879,622,ร้านค้าทั่วไป
880,623,ร้านค้าทั่วไป
881,624,ร้านค้าทั่วไป
882,625,ร้านค้าทั่วไป
883,626,ร้านค้าทั่วไป
884,627,ร้านค้าทั่วไป
885,628,ร้านค้าทั่วไป
886,629,ร้านค้าทั่วไป
887,630,ร้านค้าทั่วไป
888,631,ร้านค้าทั่วไป
889,632,ร้านค้าทั่วไป
890,633,ร้านค้าทั่วไป
891,634,ร้านค้าทั่วไป
892,635,ร้านค้าทั่วไป
893,636,ร้านค้าทั่วไป
894,637,ร้านค้าทั่วไป
895,638,ร้านค้าทั่วไป
896,639,ร้านค้าทั่วไป
897,640,ร้านค้าทั่วไป
898,641,ร้านค้าทั่วไป
899,642,ร้านค้าทั่วไป
900,643,ร้านค้าทั่วไป
901,644,ร้านค้าทั่วไป
902,645,ร้านค้าทั่วไป
903,646,ร้านค้าทั่วไป
904,647,ร้านค้าทั่วไป
905,648,ร้านค้าทั่วไป
906,649,ร้านค้าทั่วไป
907,650,ร้านค้าทั่วไป
908,651,ร้านค้าทั่วไป
909,652,ร้านค้าทั่วไป
910,653,ร้านค้าทั่วไป
911,654,ร้านค้าทั่วไป
912,655,ร้านค้าทั่วไป
913,656,ร้านค้าทั่วไป
914,657,ร้านค้าทั่วไป
915,658,ร้านค้าทั่วไป
916,659,ร้านค้าทั่วไป
917,660,ร้านค้าทั่วไป
918,661,ร้านค้าทั่วไป
919,662,ร้านค้าทั่วไป
920,663,ร้านค้าทั่วไป
921,664,ร้านค้าทั่วไป
922,665,ร้านค้าทั่วไป
923,666,ร้านค้าทั่วไป
924,667,ร้านค้าทั่วไป
925,668,ร้านค้าทั่วไป
926,669,ร้านค้าทั่วไป
927,670,ร้านค้าทั่วไป
928,671,ร้านค้าทั่วไป
929,672,ร้านค้าทั่วไป
930,673,ร้านค้าทั่วไป
931,674,รับสินค้าทุกประเภท
932,675,รับสินค้าทุกประเภท
933,676,รับสินค้าทุกประเภท
934,677,รับสินค้าทุกประเภท
935,678,ร้านค้าทั่วไป
936,679,ร้านค้าทั่วไป
937,680,ร้านค้าทั่วไป
938,681,ร้านค้าทั่วไป
939,682,ร้านค้าทั่วไป
940,683,ร้านค้าทั่วไป
941,684,ร้านค้าทั่วไป
942,685,ร้านค้าทั่วไป
943,686,ร้านค้าทั่วไป
944,687,ร้านค้าทั่วไป
945,688,ร้านค้าทั่วไป
946,689,ร้านค้าทั่วไป
947,690,ร้านค้าทั่วไป
948,691,ร้านค้าทั่วไป
949,692,ร้านค้าทั่วไป
950,693,ร้านค้าทั่วไป
951,694,ร้านค้าทั่วไป
952,695,ร้านค้าทั่วไป
953,696,ร้านค้าทั่วไป
954,697,ร้านค้าทั่วไป
955,698,ร้านค้าทั่วไป
956,699,ร้านค้าทั่วไป
957,700,ร้านค้าทั่วไป
958,701,ร้านค้าทั่วไป
959,702,ร้านค้าทั่วไป
960,703,ร้านค้าทั่วไป
961,704,ร้านค้าทั่วไป
962,705,ร้านค้าทั่วไป
963,706,ร้านค้าทั่วไป
964,707,ร้านค้าทั่วไป
965,708,ร้านค้าทั่วไป
966,709,ร้านค้าทั่วไป
967,710,ร้านค้าทั่วไป
968,711,ร้านค้าทั่วไป
969,712,ร้านค้าทั่วไป
970,713,ร้านค้าทั่วไป
971,714,ร้านค้าทั่วไป
972,715,ร้านค้าทั่วไป
973,716,ร้านค้าทั่วไป
974,717,ร้านค้าทั่วไป
975,718,ร้านค้าทั่วไป
976,719,ร้านค้าทั่วไป
977,720,ร้านค้าทั่วไป
978,721,ร้านค้าทั่วไป
979,722,ร้านค้าทั่วไป
980,723,ร้านค้าทั่วไป
981,724,ร้านค้าทั่วไป
982,725,ร้านค้าทั่วไป
983,726,ร้านค้าทั่วไป
984,727,ร้านค้าทั่วไป
985,728,ร้านค้าทั่วไป
986,729,ร้านค้าทั่วไป
987,730,ร้านค้าทั่วไป
988,731,ร้านค้าทั่วไป
989,732,ร้านค้าทั่วไป
990,733,ร้านค้าทั่วไป
991,734,ร้านค้าทั่วไป
992,735,ร้านค้าทั่วไป
993,736,ร้านค้าทั่วไป
994,737,ร้านค้าทั่วไป
995,738,ร้านค้าทั่วไป
996,739,ร้านค้าทั่วไป
997,740,ร้านค้าทั่วไป
998,741,ร้านค้าทั่วไป
999,742,ร้านค้าทั่วไป
1000,744,ร้านค้าทั่วไป
1001,745,ร้านค้าทั่วไป
1002,746,ร้านค้าทั่วไป
1003,747,ร้านค้าทั่วไป
1004,748,ร้านค้าทั่วไป
1005,749,ร้านค้าทั่วไป
1006,750,ร้านค้าทั่วไป
1007,751,ร้านค้าทั่วไป
1008,752,ร้านค้าทั่วไป
1009,753,ร้านค้าทั่วไป
1010,754,ร้านค้าทั่วไป
1011,755,ร้านค้าทั่วไป
1012,756,ร้านค้าทั่วไป
1013,757,ร้านค้าทั่วไป
1014,758,ร้านค้าทั่วไป
1015,759,ร้านค้าทั่วไป
1016,760,ร้านค้าทั่วไป
1017,761,ร้านค้าทั่วไป
1018,762,ร้านค้าทั่วไป
1019,763,ร้านค้าทั่วไป
1020,764,ร้านค้าทั่วไป
1021,765,ร้านค้าทั่วไป
1022,766,ร้านค้าทั่วไป
1023,767,ร้านค้าทั่วไป
1024,768,ร้านค้าทั่วไป
1025,769,ร้านค้าทั่วไป
1026,770,ร้านค้าทั่วไป
1027,771,ร้านค้าทั่วไป
1028,772,ร้านค้าทั่วไป
1029,773,ร้านค้าทั่วไป
1030,774,ร้านค้าทั่วไป
1031,775,ร้านค้าทั่วไป
1032,776,ร้านค้าทั่วไป
1033,777,ร้านค้าทั่วไป
1034,778,ร้านค้าทั่วไป
1035,779,ร้านค้าทั่วไป
1036,780,ร้านค้าทั่วไป
1037,781,ร้านค้าทั่วไป
1038,782,ร้านค้าทั่วไป
1039,783,ร้านค้าทั่วไป
1040,784,ร้านค้าทั่วไป
1041,785,ร้านค้าทั่วไป
1042,786,รับสินค้าทุกประเภท
1043,787,รับสินค้าทุกประเภท
1044,788,รับสินค้าทุกประเภท
1045,789,รับสินค้าทุกประเภท
1046,790,รับสินค้าทุกประเภท
1047,791,รับสินค้าทุกประเภท
1048,792,รับสินค้าทุกประเภท
1049,793,รับสินค้าทุกประเภท
1050,794,รับสินค้าทุกประเภท
1051,795,รับสินค้าทุกประเภท
1052,796,รับสินค้าทุกประเภท
1053,797,ร้านค้าทั่วไป
1054,798,ร้านค้าทั่วไป
1055,799,ร้านค้าทั่วไป
1056,800,ร้านค้าทั่วไป
1057,801,ร้านค้าทั่วไป
1058,802,ร้านค้าทั่วไป
1059,803,ร้านค้าทั่วไป
1060,804,ร้านค้าทั่วไป
1061,805,ร้านค้าทั่วไป
1062,806,ร้านค้าทั่วไป
1063,807,ร้านค้าทั่วไป
1064,808,ร้านค้าทั่วไป
1065,809,ร้านค้าทั่วไป
1066,810,ร้านค้าทั่วไป
1067,811,ร้านค้าทั่วไป
1068,812,ร้านค้าทั่วไป
1069,813,ร้านค้าทั่วไป
1070,814,ร้านค้าทั่วไป
1071,815,ร้านค้าทั่วไป
1072,816,ร้านค้าทั่วไป
1073,817,ร้านค้าทั่วไป
1074,818,ร้านค้าทั่วไป
1075,819,ร้านค้าทั่วไป
1076,820,รับสินค้าทุกประเภท
1077,821,รับสินค้าทุกประเภท
1078,822,รับสินค้าทุกประเภท
1079,823,รับสินค้าทุกประเภท
1080,824,รับสินค้าทุกประเภท
1081,825,รับสินค้าทุกประเภท
1082,826,รับสินค้าทุกประเภท
1083,827,รับสินค้าทุกประเภท
1084,828,ร้านค้าทั่วไป
1085,829,รับสินค้าทุกประเภท
1086,830,ร้านค้าทั่วไป
1087,831,ร้านค้าทั่วไป
1088,832,ร้านค้าทั่วไป
1089,833,รับสินค้าทุกประเภท
1090,834,ร้านค้าทั่วไป
1091,835,ร้านค้าทั่วไป
1092,836,ร้านค้าทั่วไป
1093,837,ร้านค้าทั่วไป
1094,838,ร้านค้าทั่วไป
1095,839,ร้านค้าทั่วไป
1096,840,รับสินค้าทุกประเภท
1097,841,ร้านค้าทั่วไป
1098,842,ร้านค้าทั่วไป
1099,843,ร้านค้าทั่วไป
1100,844,รับสินค้าทุกประเภท
1101,845,ร้านค้าทั่วไป
1102,846,ร้านค้าทั่วไป
1103,847,ร้านค้าทั่วไป
1104,848,ร้านค้าทั่วไป
1105,849,ร้านค้าทั่วไป
1106,850,ร้านค้าทั่วไป
1107,851,รับสินค้าทุกประเภท
1108,852,ร้านค้าทั่วไป
1109,853,รับสินค้าทุกประเภท
1110,854,ร้านค้าทั่วไป
1111,855,ร้านค้าทั่วไป
1112,856,ร้านค้าทั่วไป
1113,857,ร้านค้าทั่วไป
1114,858,ร้านค้าทั่วไป
1115,859,ร้านค้าทั่วไป
1116,860,ร้านค้าทั่วไป
1117,861,ร้านค้าทั่วไป
1118,862,ร้านค้าทั่วไป
1119,863,ร้านค้าทั่วไป
1120,864,ร้านค้าทั่วไป
1121,865,ร้านค้าทั่วไป
1122,866,ร้านค้าทั่วไป
1123,867,ร้านค้าทั่วไป
1124,868,รับสินค้าทุกประเภท
1125,869,ร้านค้าทั่วไป
1126,870,ร้านค้าทั่วไป
1127,871,ร้านค้าทั่วไป
1128,872,ร้านค้าทั่วไป
1129,873,รับสินค้าทุกประเภท
1130,874,รับสินค้าทุกประเภท
1131,875,ร้านค้าทั่วไป
1132,876,รับสินค้าทุกประเภท
1133,877,ร้านค้าทั่วไป
1134,878,ร้านค้าทั่วไป
1135,879,ร้านค้าทั่วไป
1136,880,รับสินค้าทุกประเภท
1137,881,ร้านค้าทั่วไป
1138,882,รับสินค้าทุกประเภท
1139,883,รับสินค้าทุกประเภท
1140,884,รับสินค้าทุกประเภท
1141,885,รับสินค้าทุกประเภท
1142,886,รับสินค้าทุกประเภท
1143,887,ร้านค้าทั่วไป
1144,888,รับสินค้าทุกประเภท
1145,889,ร้านค้าทั่วไป
1146,890,รับสินค้าทุกประเภท
1147,891,ร้านค้าทั่วไป
1148,892,รับสินค้าทุกประเภท
1149,893,ร้านค้าทั่วไป
1150,894,รับสินค้าทุกประเภท
1151,895,รับสินค้าทุกประเภท
1152,896,รับสินค้าทุกประเภท
1153,897,รับสินค้าทุกประเภท
1154,898,รับสินค้าทุกประเภท
1155,899,รับสินค้าทุกประเภท
1156,900,รับสินค้าทุกประเภท
1157,901,รับสินค้าทุกประเภท
1158,902,รับสินค้าทุกประเภท
1159,903,รับสินค้าทุกประเภท
1160,904,รับสินค้าทุกประเภท
1161,905,รับสินค้าทุกประเภท
1162,906,รับสินค้าทุกประเภท
1163,907,รับสินค้าทุกประเภท
1164,908,รับสินค้าทุกประเภท
1165,909,รับสินค้าทุกประเภท
1166,910,รับสินค้าทุกประเภท
1167,911,รับสินค้าทุกประเภท
1168,912,รับสินค้าทุกประเภท
1169,913,รับสินค้าทุกประเภท
1170,914,รับสินค้าทุกประเภท
1171,915,รับสินค้าทุกประเภท
1172,916,รับสินค้าทุกประเภท
1173,917,รับสินค้าทุกประเภท
1174,918,รับสินค้าทุกประเภท
1175,919,รับสินค้าทุกประเภท
1176,920,รับสินค้าทุกประเภท
1177,921,รับสินค้าทุกประเภท
1178,922,รับสินค้าทุกประเภท
1179,923,รับสินค้าทุกประเภท
1180,924,รับสินค้าทุกประเภท
1181,925,ร้านค้าทั่วไป
1182,926,ร้านค้าทั่วไป
1183,927,ร้านค้าทั่วไป
1184,928,ร้านค้าทั่วไป
1185,929,ร้านค้าทั่วไป
1186,930,ร้านค้าทั่วไป
1187,931,ร้านค้าทั่วไป
1188,932,ร้านค้าทั่วไป
1189,933,ร้านค้าทั่วไป
1190,934,ร้านค้าทั่วไป
1191,935,ร้านค้าทั่วไป
1192,936,ร้านค้าทั่วไป
1193,937,ร้านค้าทั่วไป
1194,938,ร้านค้าทั่วไป
1195,939,ร้านค้าทั่วไป
1196,940,ร้านค้าทั่วไป
1197,941,ร้านค้าทั่วไป
1198,942,ร้านค้าทั่วไป
1199,943,ร้านค้าทั่วไป
1200,944,ร้านค้าทั่วไป
1201,945,ร้านค้าทั่วไป
1202,946,ร้านค้าทั่วไป
1203,947,ร้านค้าทั่วไป
1204,948,ร้านค้าทั่วไป
1205,949,ร้านค้าทั่วไป
1206,950,ร้านค้าทั่วไป
1207,951,ร้านค้าทั่วไป
1208,952,ร้านค้าทั่วไป
1209,953,ร้านค้าทั่วไป
1210,954,ร้านค้าทั่วไป
1211,955,ร้านค้าทั่วไป
1212,956,รับสินค้าทุกประเภท
1213,957,ร้านค้าทั่วไป
1214,958,ร้านค้าทั่วไป
1215,959,ร้านค้าทั่วไป
1216,960,ร้านค้าทั่วไป
1217,961,ร้านค้าทั่วไป
1218,962,ร้านค้าทั่วไป
1219,963,ร้านค้าทั่วไป
1220,964,ร้านค้าทั่วไป
1221,965,ร้านค้าทั่วไป
1222,966,ร้านค้าทั่วไป
1223,967,ร้านค้าทั่วไป
1224,968,ร้านค้าทั่วไป
1225,969,ร้านค้าทั่วไป
1226,970,ร้านค้าทั่วไป
1227,971,ร้านค้าทั่วไป
1228,972,รับสินค้าทุกประเภท
1229,973,ร้านค้าทั่วไป
1230,974,รับสินค้าทุกประเภท
1231,975,ร้านค้าทั่วไป
1232,976,รับสินค้าทุกประเภท
1233,977,ร้านค้าทั่วไป
1234,978,ร้านค้าทั่วไป
1235,979,รับสินค้าทุกประเภท
1236,980,ร้านค้าทั่วไป
1237,981,รับสินค้าทุกประเภท
1238,982,ร้านค้าทั่วไป
1239,983,รับสินค้าทุกประเภท
1240,984,ร้านค้าทั่วไป
1241,985,รับสินค้าทุกประเภท
1242,986,ร้านค้าทั่วไป
1243,987,รับสินค้าทุกประเภท
1244,988,รับสินค้าทุกประเภท
1245,989,ร้านค้าทั่วไป
1246,990,รับสินค้าทุกประเภท
1247,991,รับสินค้าทุกประเภท
1248,992,รับสินค้าทุกประเภท
1249,993,ร้านค้าทั่วไป
1250,994,รับสินค้าทุกประเภท
1251,995,ร้านค้าทั่วไป
1252,996,รับสินค้าทุกประเภท
1253,997,ร้านค้าทั่วไป
1254,998,รับสินค้าทุกประเภท
1255,999,รับสินค้าทุกประเภท
1256,1000,ร้านค้าทั่วไป
1257,1001,รับสินค้าทุกประเภท
1258,1002,ร้านค้าทั่วไป
1259,1003,รับสินค้าทุกประเภท
1260,1004,รับสินค้าทุกประเภท
1261,1005,รับสินค้าทุกประเภท
1262,1006,รับสินค้าทุกประเภท
1263,1007,รับสินค้าทุกประเภท
1264,1008,รับสินค้าทุกประเภท
1265,1009,รับสินค้าทุกประเภท
1266,1010,รับสินค้าทุกประเภท
1267,1011,รับสินค้าทุกประเภท
1268,1012,รับสินค้าทุกประเภท
1269,1013,รับสินค้าทุกประเภท
1270,1014,รับสินค้าทุกประเภท
1271,1015,รับสินค้าทุกประเภท
1272,1016,รับสินค้าทุกประเภท
1273,1017,รับสินค้าทุกประเภท
1274,1018,รับสินค้าทุกประเภท
1275,1019,รับสินค้าทุกประเภท
1276,1020,รับสินค้าทุกประเภท
1277,1021,ร้านค้าทั่วไป
1278,1022,ร้านค้าทั่วไป
1279,1023,รับสินค้าทุกประเภท
1280,1024,รับสินค้าทุกประเภท
1281,1025,รับสินค้าทุกประเภท
1282,1026,รับสินค้าทุกประเภท
1283,1027,รับสินค้าทุกประเภท
1284,1028,ร้านค้าทั่วไป
1285,1029,ร้านค้าทั่วไป
1286,1030,ร้านค้าทั่วไป
1287,1031,ร้านค้าทั่วไป
1288,1032,ร้านค้าทั่วไป
1289,1033,ร้านค้าทั่วไป
1290,1034,ร้านค้าทั่วไป
1291,1035,ร้านค้าทั่วไป
1292,1036,ร้านค้าทั่วไป
1293,1037,ร้านค้าทั่วไป
1294,1038,ร้านค้าทั่วไป
1295,1039,ร้านค้าทั่วไป
1296,1040,ร้านค้าทั่วไป
1297,1041,ร้านค้าทั่วไป
1298,1042,ร้านค้าทั่วไป
1299,1043,ร้านค้าทั่วไป
1300,1044,ร้านค้าทั่วไป
1301,1045,ร้านค้าทั่วไป
1302,1046,ร้านค้าทั่วไป
1303,1047,ร้านค้าทั่วไป
1304,1048,ร้านค้าทั่วไป
1305,1049,ร้านค้าทั่วไป
1306,1050,ร้านค้าทั่วไป ร้านผลไม้
1307,1051,ร้านค้าทั่วไป
1308,1052,ร้านค้าทั่วไป
1309,1053,ร้านค้าทั่วไป
1310,1054,ร้านค้าทั่วไป
1311,1055,ร้านค้าทั่วไป
1312,1056,ร้านค้าทั่วไป
1313,1057,ร้านค้าทั่วไป
1314,1058,ร้านค้าทั่วไป
1315,1059,ร้านค้าทั่วไป
1316,1060,ร้านค้าทั่วไป
1317,1061,ร้านค้าทั่วไป
1318,1062,ร้านค้าทั่วไป
1319,1063,ร้านค้าทั่วไป
1320,1064,ร้านค้าทั่วไป
1321,1065,ร้านค้าทั่วไป
1322,1066,ร้านค้าทั่วไป
1323,1067,ร้านค้าทั่วไป
1324,1068,ร้านค้าทั่วไป
1325,1069,ร้านค้าทั่วไป
1326,1070,ร้านค้าทั่วไป
1327,1071,ร้านค้าทั่วไป
1328,1072,ร้านค้าทั่วไป
1329,1073,ร้านค้าทั่วไป
1330,1074,ร้านค้าทั่วไป
1331,1075,ร้านค้าทั่วไป
1332,1076,ร้านค้าทั่วไป
1333,1077,ร้านค้าทั่วไป
1334,1078,ร้านค้าทั่วไป
1335,1079,ร้านค้าทั่วไป
1336,1080,ร้านค้าทั่วไป
1337,1081,ร้านค้าทั่วไป
1338,1082,ร้านค้าทั่วไป
1339,1083,ร้านค้าทั่วไป
1340,1084,ร้านค้าทั่วไป
1341,1085,ร้านค้าทั่วไป
1342,1086,ร้านค้าทั่วไป
1343,1087,รับสินค้าทุกประเภท
1344,1088,ร้านค้าทั่วไป
1345,1089,รับสินค้าทุกประเภท
1346,1090,รับสินค้าทุกประเภท
1347,1091,รับสินค้าทุกประเภท
1348,1092,รับสินค้าทุกประเภท
1349,1093,ร้านค้าทั่วไป
1350,1094,ร้านค้าทั่วไป
1351,1095,ร้านค้าทั่วไป
1352,1096,ร้านค้าทั่วไป
1353,1097,ร้านค้าทั่วไป
1354,1098,ร้านค้าทั่วไป
1355,1099,ร้านค้าทั่วไป
1356,1100,ร้านค้าทั่วไป
1357,1101,ร้านค้าทั่วไป
1358,1102,ร้านค้าทั่วไป
1359,1103,ร้านค้าทั่วไป
1360,1104,ร้านค้าทั่วไป
1361,1105,ร้านค้าทั่วไป
1362,1106,ร้านค้าทั่วไป
1363,1107,ร้านค้าทั่วไป
1364,1108,ร้านค้าทั่วไป
1365,1109,ร้าค้าทั่วไป
1366,1110,ร้านค้าทั่วไป
1367,1111,ร้านค้าทั่วไป
1368,1112,ร้านค้าทั่วไป
1369,1113,ร้านค้าทั่วไป
1370,1114,ร้านค้าทั่วไป
1371,1115,ร้านค้าทั่วไป
1372,1116,ร้านค้าทั่วไป
1373,1117,ร้านค้าทั่วไป
1374,1118,ร้านค้าทั่วไป
1375,1119,ร้านค้าทั่วไป
1376,1120,ร้านค้าทั่วไป
1377,1121,ร้านค้าทั่วไป
1378,1122,ร้านค้าทั่วไป
1379,1123,ร้านค้าทั่วไป
1380,1124,ร้านค้าทั่วไป
1381,1125,ร้านค้าทั่วไป
1382,1126,ร้านค้าทั่วไป
1383,1127,รับสินค้าทุกประเภท
1384,1128,รับสินค้าทุกประเภท
1385,1129,รับสินค้าทุกประเภท
1386,1130,รับสินค้าทุกประเภท
1387,1131,รับสินค้าทุกประเภท
1388,1132,ร้านค้าทั่วไป
1389,1133,ร้านค้าทั่วไป
1390,1134,ร้านค้าทั่วไป
1391,1135,ร้านค้าทั่วไป
1392,1136,ร้านค้าทั่วไป
1393,1137,ร้านค้าทั่วไป
1394,1138,ร้านค้าทั่วไป
1395,1139,ร้านค้าทั่วไป
1396,1140,ร้านค้าทั่วไป
1397,1141,ร้านค้าทั่วไป
1398,1142,ร้านค้าทั่วไป
1399,1143,ร้านค้าทั่วไป
1400,1144,ร้านค้าทั่วไป
1401,1145,ร้านค้าทั่วไป
1402,1146,ร้านค้าทั่วไป
1403,1147,ร้านค้าทั่วไป
1404,1148,ร้านค้าทั่วไป
1405,1149,ร้านค้าทั่วไป
1406,1150,ร้านค้าทั่วไป
1407,1151,ร้านค้าทั่วไป
1408,1152,ร้านค้าทั่วไป
1409,1153,ร้านค้าทั่วไป
1410,1154,ร้านค้าทั่วไป
1411,1155,ร้านค้าทั่วไป
1412,1156,ร้านค้าทั่วไป
1413,1157,ร้านค้าทั่วไป
1414,1158,รับสินค้าทุกประเภท
1415,1159,รับสินค้าทุกประเภท
1416,1160,รับสินค้าทุกประเภท
1417,1161,รับสินค้าทุกประเภท
1418,1162,รับสินค้าทุกประเภท
1419,1163,รับสินค้าทุกประเภท
1420,1164,ร้านค้าทั่วไป
1421,1165,ร้านค้าทั่วไป
1422,1166,ร้านค้าทั่วไป
1423,1167,ร้านค้าทั่วไป
1424,1168,ร้านค้าทั่วไป
1425,1169,ร้านค้าทั่วไป
1426,1170,ร้านค้าทั่วไป
1427,1171,ร้านค้าทั่วไป
1428,1172,ร้านค้าทั่วไป
1429,1173,ร้านค้าทั่วไป
1430,1174,ร้านค้าทั่วไป
1431,1175,ร้านค้าทั่วไป
1432,1176,ร้านค้าทั่วไป
1433,1177,ร้านค้าทั่วไป
1434,1178,รับสินค้าทุกประเภท
1435,1179,รับสินค้าทุกประเภท
1436,1180,รับสินค้าทุกประเภท
1437,1181,รับสินค้าทุกประเภท
1438,1182,รับสินค้าทุกประเภท
1439,1183,ร้านค้าทั่วไป
1440,1184,ร้านค้าทั่วไป
1441,1185,รับสินค้าทุกประเภท
1442,1186,ร้านค้าทั่วไป
1443,1187,รับสินค้าทุกประเภท
1444,1188,รับสินค้าทุกประเภท
1445,1189,รับสินค้าทุกประเภท
1446,1190,รับสินค้าทุกประเภท
1447,1191,ร้านค้าทั่วไป
1448,1192,รับสินค้าทุกประเภท
1449,1193,ร้านค้าทั่วไป
1450,1194,ร้านค้าทั่วไป
1451,1195,ร้านค้าทั่วไป
1452,1196,ร้านค้าทั่วไป
1453,1197,ร้านค้าทั่วไป
1454,1198,ร้านค้าทั่วไป
1455,1199,ร้านค้าทั่วไป
1456,1200,ร้านค้าทั่วไป
1457,1201,ร้านค้าทั่วไป
1458,1202,ร้านค้าทั่วไป
1459,1203,ร้านค้าทั่วไป
1460,1204,ร้านค้าทั่วไป
1461,1205,ร้านค้าทั่วไป
1462,1206,ร้านค้าทั่วไป
1463,1207,ร้านค้าทั่วไป
1464,1208,ร้านค้าทั่วไป
1465,1209,ร้านค้าทั่วไป
1466,1210,ร้าน้คาทั่วไป
1467,1211,ร้านค้าทั่วไป
1468,1212,ร้านค้าทั่วไป
1469,1213,ร้านคัาทั่วไป
1470,1214,ร้านค้าทั่วไป
1471,1215,ร้านค้าทั่วไป
1472,1216,ร้านค้าทั่วไป
1473,1217,ร้านค้าทั่วไป
1474,1218,ร้านค้าทั่วไป
1475,1219,ร้านค้าทั่วไป
1476,1220,ร้านค้าทั่วไป
1477,1221,ร้านค้าทั่วไป
1478,1222,ร้านค้าทั่วไป
1479,1223,ร้านค้าทั่วไป
1480,1224,ร้านค้าทั่วไป
1481,1225,รับสินค้าทุกประเภท
1482,1226,รับสินค้าทุกประเภท
1483,1227,รับสินค้าทุกประเภท
1484,1228,รับสินค้าทุกประเภท
1485,1229,รับสินค้าทุกประเภท
1486,1230,รับสินค้าทุกประเภท
1487,1231,รับสินค้าทุกประเภท
1488,1232,รับสินค้าทุกประเภท
1489,1233,รับสินค้าทุกประเภท
1490,1234,รับสินค้าทุกประเภท
1491,1235,ร้านค้าทั่วไป
1492,1236,รับสินค้าทุกประเภท
1493,1237,รับสินค้าทุกประเภท
1494,1238,รับสินค้าทุกประเภท
1495,1239,รับสินค้าทุกประเภท
1496,1240,รับสินค้าทุกประเภท
1497,1241,รับสินค้าทุกประเภท
1498,1242,รับสินค้าทุกประเภท
1499,1243,รับสินค้าทุกประเภท
1500,1244,ร้านค้าทั่วไป
1501,1245,รับสินค้าทุกประเภท
1502,1246,รับสินค้าทุกประเภท
1503,1247,ร้านค้าทั่วไป
1504,1248,รับสินค้าทุกประเภท
1505,1249,รับสินค้าทุกประเภท
1506,1250,รับสินค้าทุกประเภท
1507,1251,รับสินค้าทุกประเภท
1508,1252,รับสินค้าทุกประเภท
1509,1253,รับสินค้าทุกประเภท
1510,1254,รับสินค้าทุกประเภท
1511,1255,รับสินค้าทุกประเภท
1512,1256,รับสินค้าทุกประเภท
1513,1257,รับสินค้าทุกประเภท
1514,1258,รับสินค้าทุกประเภท
1515,1259,รับสินค้าทุกประเภท
1516,1260,รับสินค้าทุกประเภท
1517,1261,รับสินค้าทุกประเภท
1518,1262,รับสินค้าทุกประเภท
1519,1263,รับสินค้าทุกประเภท
1520,1264,รับสินค้าทุกประเภท
1521,1265,รับสินค้าทุกประเภท
1522,1266,รับสินค้าทุกประเภท
1523,1267,รับสินค้าทุกประเภท
1524,1268,รับสินค้าทุกประเภท
1525,1269,รับสินค้าทุกประเภท
1526,1270,รับสินค้าทุกประเภท
1527,1271,รับสินค้าทุกประเภท
1528,1272,รับสินค้าทุกประเภท
1529,1273,รับสินค้าทุกประเภท
1530,1274,รับททุกประเภท
1531,1275,ทุกประเภท
1532,1276,ทุกประเภท
1533,1277,ร้านทั่วไป
1534,1278,รับสินค้าทุกประเภท
1535,1279,ร้านค้าทั่วไป
1536,1280,รับสินค้าทุกประเภท
1537,1281,ร้านค้าทั่วไป
1538,1282,ร้านค้าทั่วไป
1539,1283,รับสินค้าทุกประเภท
1540,1284,ร้านค้าทั่วไป
1541,1285,รับสินค้าทุกประเภท
1542,1286,รับสินค้าทุกประเภท
1543,1287,รับสินค้าทุกประเภท
1544,1288,รับสินค้าทุกประเภท
1545,1289,รับสินค้าทุกประเภท
1546,1290,รับสินค้าทุกประเภท
1547,1291,ร้านค้าทั่วไป
1548,1292,รับสินค้าทุกประเภท
1549,1293,ร้านค้าทั่วไป
1550,1294,รับสินค้าทุกประเภท
1551,1295,รับสินค้าทุกประเภท
1552,1296,ร้านค้าทั่วไป
1553,1297,ร้านค้าทั่วไป
1554,1298,รับสินค้าทุกประเภท
1555,1299,ร้านค้าทั่วไป
1556,1300,รับสินค้าทุกประเภท
1557,1301,ร้านค้าทั่วไป
1558,1302,รับสินค้าทุกประเภท
1559,1303,รับสินค้าทุกประเภท
1560,1304,ร้านค้าทั่วไป
1561,1305,รับสินค้าทุกประเภท
1562,1306,ร้านค้าทั่วไป
1563,1307,ร้านค้าทั่วไป
1564,1308,ร้านค้าทั่วไป
1565,1309,ร้านค้าทั่วไป
1566,1310,ร้านค้าทั่วไป
1567,1311,ร้านค้าทั่วไป
1568,1312,ร้านค้าทั่วไป
1569,1313,รับสินค้าทุกประเภท
1570,1314,รับสินค้าทุกประเภท
1571,1315,รับสินค้าทุกประเภท
1572,1316,รับสินค้าทุกประเภท
1573,1317,รับสินค้าทุกประเภท
1574,1318,รับสินค้าทุกประเภท
1575,1319,รับสินค้าทุกประเภท
1576,1320,รับสินค้าทุกประเภท
1577,1321,ร้านค้าทั่วไป
1578,1322,ร้านค้าทั่วไป
1579,1323,ร้านค้าทั่วไป
1580,1324,รับสินค้าทุกประเภท
1581,1325,ร้านค้าทั่วไป
1582,1326,ร้านค้าทั่วไป
1583,1327,ร้านค้าทั่วไป
1584,1328,ร้านค้าทั่วไป
1585,1329,รับสินค้าทุกประเภท
1586,1330,รับสินค้าทุกประเภท
1587,1331,รับสินค้าทุกประเภท
1588,1332,รับสินค้าทุกประเภท
1589,1333,ร้านค้าทั่วไป
1590,1334,ร้านค้าทั่วไป
1591,1335,ร้านค้าทั่วไป
1592,1336,รับสินค้าทุกประเภท
1593,1337,รับสินค้าทุกประเภท
1594,1338,ร้านค้าทั่วไป
1595,1339,ร้านค้าทั่วไป
1596,1340,รับสินค้าทุกประเภท
1597,1341,ร้านค้าทั่วไป
1598,1342,รับสินค้าทุกประเภท
1599,1343,ร้านค้าทั่วไป
1600,1344,รับสินค้าทุกประเภท
1601,1345,ร้านค้าทั่วไป
1602,1346,ร้านค้าทั่วไป
1603,1347,รับสินค้าทุกประเภท
1604,1348,รับสินค้าทุกประเภท
1605,1349,ร้านค้าทั่วไป
1606,1350,รับสินค้าทุกประเภท
1607,1351,ร้านค้าทั่วไป
1608,1352,รับสินค้าทุกประเภท
1609,1353,ร้านค้าทั่วไป
1610,1354,รับสินค้าทุกประเภท
1611,1355,รับสินค้าทุกประเภท
1612,1356,รับสินค้าทุกประเภท
1613,1357,ร้านค้าทั่วไป
1614,1358,รับสินค้าทุกประเภท
1615,1359,รับสินค้าทุกประเภท
1616,1360,ร้านค้าทั่วไป
1617,1361,ร้านค้าทั่วไป
1618,1362,ร้านค้าทั่วไป
1619,1363,ร้านค้าทั่วไป
1620,1364,ร้านค้าทั่วไป
1621,1365,รับสินค้าทุกประเภท
1622,1366,ร้านค้าทั่วไป
1623,1367,รับสินค้าทุกประเภท
1624,1368,รับสินค้าทุกประเภท
1625,1369,ร้านค้าทั่วไป
1626,1370,รับสินค้าทุกประเภท
1627,1371,ร้านค้าทั่วไป
1628,1372,ร้านค้าทั่วไป
1629,1373,ร้านค้่ทั่วไป
1630,1374,ร้านค้าทั่วไป
1631,1375,รับสินค้าทุกประเภท
1632,1376,ร้านค้าทั่วไป
1633,1377,รับสินค้าทุกประเภท
1634,1378,ร้านค้าทั่วไป
1635,1379,ร้านค้าทั่วไป
1636,1380,ร้านค้าทั่วไป
1637,1381,ร้านค้าทั่วไป
1638,1382,ร้านค้าทั่วไป
1639,1383,รับสินค้าทุกประเภท
1640,1384,ร้านค้าทั่วไป
1641,1385,ร้านค้าทั่วไป
1642,1386,ร้านค้าทั่วไป
1643,1387,รับสินค้าทุกประเภท
1644,1388,ร้านค้าทั่วไป
1645,1389,ร้านค้าทั่วไป
1646,1390,ร้านค้าทั่วไป
1647,1391,ร้านค้าทั่วไป
1648,1392,ร้านค้าทั่วไป
1649,1393,ร้านคเาทั่วไป
1650,1394,ร้านค้าทั่วไป
1651,1395,ร้านค้าทั่วไป
1652,1396,รับสินค้าทุกประเภท
1653,1397,ร้านค้าทั่วไป
1654,1398,ร้านค้าทั่วไป
1655,1399,ร้านค้าทั่วไป
1656,1400,รับสินค้าทุกประเภท
1657,1401,ร้านค้าทั่วไป
1658,1402,รับสินค้าทุกประเภท
1659,1403,ร้านค้าทั่วไป
1660,1404,ร้านค้าทั่วไป
1661,1405,ร้านค้าทั่วไป
1662,1406,รับสินค้าทุกประเภท
1663,1407,รับสินค้าทุกประเภท
1664,1408,รับสินค้าทุกประเภท
1665,1409,รับสินค้าทุกประเภท
1666,1410,รับสินค้าทุกประเภท
1667,1411,ร้านค้าทั่วไป
1668,1412,รับสินค้าทุกประเภท
1669,1413,รับสินค้าทุกประเภท
1670,1414,รับสินค้าทุกประเภท
1671,1415,รับสินค้าทุกประเภท
1672,1416,รับสินค้าทุกประเภท
1673,1417,รับสินค้าทุกประเภท
1674,1418,รับสินค้าทุกประเภท
1675,1419,รับสินค้าทุกประเภท
1676,1420,รับสินค้าทุกประเภท
1677,1421,รับสินค้าทุกประเภท
1678,1422,รับสินค้าทุกประเภท
1679,1423,รับสินค้าทุกประเภท
1680,1424,รับสินค้าทุกประเภท
1681,1425,รับสินค้าทุกประเภท
1682,1426,รับสินค้าทุกประเภท
1683,1427,รับสินค้าทุกประเภท
1684,1428,รับสินค้าทุกประเภท
1685,1429,รับสินค้าทุกประเภท
1686,1430,รับสินค้าทุกประเภท
1687,1431,รับสินค้าทุกประเภท
1688,1432,รับสินค้าทุกประเภท
1689,1433,รับสินค้าทุกประเภท
1690,1434,รับสินค้าทุกประเภท
1691,1435,รับสินค้าทุกประเภท
1692,1436,รับสินค้าทุกประเภท
1693,1437,รับสินค้าทุกประเภท
1694,1438,รับสินค้าทุกประเภท
1695,1439,รับสินค้าทุกประเภท
1696,1440,รับสินค้าทุกประเภท
1697,1441,รับสินค้าทุกประเภท
1698,1442,รับสินค้าทุกประเภท
1699,1443,รับสินค้าทุกประเภท
1700,1444,รับสินค้าทุกประเภท
1701,1445,รับสินค้าทุกประเภท
1702,1446,รับสินค้าทุกประเภท
1703,1447,รับสินค้าทุกประเภท
1704,1448,รับสินค้าทุกประเภท
1705,1449,รับสินค้าทุกประเภท
1706,1450,รับสินค้าทุกประเภท
1707,1451,รับสินค้าทุกประเภท
1708,1452,รับสินค้าทุกประเภท
1709,1453,รับสินค้าทุกประเภท
1710,1454,รับสินค้าทุกประเภท
1711,1455,รับสินค้าทุกประเภท
1712,1456,รับสินค้าทุกประเภท
1713,1457,รับสินค้าทุกประเภท
1714,1458,รับสินค้าทุกประเภท
1715,1459,รับสินค้าทุกประเภท
1716,1460,รับสินค้าทุกประเภท
1717,1461,รับสินค้าทุกประเภท
1718,1462,รับสินค้าทุกประเภท
1719,1463,รับสินค้าทุกประเภท
1720,1464,รับสินค้าทุกประเภท
1721,1465,รับสินค้าทุกประเภท
1722,1466,รับสินค้าทุกประเภท
1723,1467,รับสินค้าทุกประเภท
1724,1468,รับสินค้าทุกประเภท
1725,1469,รับสินค้าทุกประเภท
1726,1470,รับสินค้าทุกประเภท
1727,1471,รับสินค้าทุกประเภท
1728,1472,รับสินค้าทุกประเภท
1729,1473,รับสินค้าทุกประเภท
1730,1474,รับสินค้าทุกประเภท
1731,1475,รับสินค้าทุกประเภท
1732,1476,รับสินค้าทุกประเภท
1733,1477,รับสินค้าทุกประเภท
1734,1478,รับสินค้าทุกประเภท
1735,1479,รับสินค้าทุกประเภท
1736,1480,รับสินค้าทุกประเภท
1737,1481,รับสินค้าทุกประเภท
1738,1482,รับสินค้าทุกประเภท
1739,1483,รับสินค้าทุกประเภท
1740,1484,รับสินค้าทุกประเภท
1741,1485,รับสินค้าทุกประเภท
1742,1486,รับสินค้าทุกประเภท
1743,1487,รับสินค้าทุกประเภท
1744,1488,รับสินค้าทุกประเภท
1745,1489,รับสินค้าทุกประเภท
1746,1490,รับสินค้าทุกประเภท
1747,1491,รับสินค้าทุกประเภท
1748,1492,รับสินค้าทุกประเภท
1749,1493,รับสินค้าทุกประเภท
1750,1494,รับสินค้าทุกประเภท
1751,1495,รับสินค้าทุกประเภท
1752,1496,รับสินค้าทุกประเภท
1753,1497,รับสินค้าทุกประเภท
1754,1498,รับสินค้าทุกประเภท
1755,1499,รับสินค้าทุกประเภท
1756,1500,รับสินค้าทุกประเภท
1757,1501,รับสินค้าทุกประเภท
1758,1502,รับสินค้าทุกประเภท
1759,1503,รับสินค้าทุกประเภท
1760,1504,รับสินค้าทุกประเภท
1761,1505,รับสินค้าทุกประเภท
1762,1506,ร้านค้าทั่วไป
1763,1507,รับสินค้าทุกประเภท
1764,1508,รับสินค้าทุกประเภท
1765,1509,รับสินค้าทุกประเภท
1766,1510,รับสินค้าทุกประเภท
1767,1511,รับสินค้าทุกประเภท
1768,1512,รับสินค้าทุกประเภท
1769,1513,รับสินค้าทุกประเภท
1770,1514,รับสินค้าทุกประเภท
1771,1515,รับสินค้าทุกประเภท
1772,1516,รับสินค้าทุกประเภท
1773,1517,รับสินค้าทุกประเภท
1774,1518,รับสินค้าทุกประเภท
1775,1519,รับสินค้าทุกประเภท
1776,1520,รับสินค้าทุกประเภท
1777,1521,รับสินค้าทุกประเภท
1778,1522,รับสินค้าทุกประเภท
1779,1523,รับสินค้าทุกประเภท
1780,1524,รับสินค้าทุกประเภท
1781,1525,รับสินค้าทุกประเภท
1782,1526,รับสินค้าทุกประเภท
1783,1527,รับสินค้าทุกประเภท
1784,1528,ร้านค้าทั่วไป
1785,1529,ร้านค้าทั่วไป
1786,1530,ร้านค้าทั่วไป
1787,1531,ร้านค้าทั่วไป
1788,1532,ร้านค้าทั่วไป
1789,1533,ร้านค้าทั่วไป
1790,1534,ร้านค้าทั่วไป
1791,1535,ร้านค้าทั่วไป
1792,1536,ร้านค้าทั่วไป
1793,1537,ร้านค้าทั่วไป
1794,1538,ร้านค้าทั่วไป
1795,1539,ร้านค้าทั่วไป
1796,1540,ร้านค้าทั่วไป
1797,1541,ร้านค้าทั่วไป
1798,1542,ร้านค้าทั่วไป
1799,1543,ร้านค้าทั่วไป
1800,1544,ร้านค้าทั่วไป
1801,1545,ร้านค้าทั่วไป
1802,1546,รับสินค้าทุกประเภท
1803,1547,ร้านค้าทั่วไป
1804,1548,ร้านค้าทั่วไป
1805,1549,ร้านค้าทั่วไป
1806,1550,ร้านค้าทั่วไป
1807,1551,ร้านค้าทั่วไป
1808,1552,รับสินค้าทุกประเภท
1809,1553,ร้านค้าทั่วไป
1810,1554,ร้านค้าทั่วไป
1811,1555,ร้านค้าทั่วไป
1812,1556,ร้านค้าทั่วไป
1813,1557,รับสินค้าทุกประเภท
1814,1558,ร้านค้าทั่วไป
1815,1559,ร้านค้าทั่วไป
1816,1560,รับสินค้าทุกประเภท
1817,1561,ร้านค้าทั่วไป
1818,1562,ร้านค้าทั่วไป
1819,1563,รับสินค้าทุกประเภท
1820,1564,รับสินค้าทุกประเภท
1821,1565,ร้านค้าทั่วไป
1822,1566,รับสินค้าทุกประเภท
1823,1567,ร้านค้าทั่วไป
1824,1568,รับสินค้าทุกประเภท
1825,1569,ร้านค้าทั่วไป
1826,1570,รับสินค้าทุกประเภท
1827,1571,รับสินค้าทุกประเภท
1828,1572,ร้านค้าทั่วไป
1829,1573,รับสินค้าทุกประเภท
1830,1574,ร้านค้าทั่วไป
1831,1575,ร้านค้าทั่วไป
1832,1576,ร้านค้าทั่วไป
1833,1577,ร้านค้าทั่วไป
1834,1578,ร้านค้าทั่วไป
1835,1579,ร้านค้าทั่วไป
1836,1580,ร้านค้าทั่วไป
1837,1581,ร้านค้าทั่วไป
1838,1582,ร้านค้าทั่วไป
1839,1583,ร้านค้าทั่วไป
1840,1584,ร้านค้าทั่วไป
1841,1585,ร้านค้าทั่วไป
1842,1586,ร้านค้าทั่วไป
1843,1587,ร้านค้าทั่วไป
1844,1588,ร้านค้าทั่วไป
1845,1589,ร้านค้าทั่วไป
1846,1590,ร้านค้าทั่วไป
1847,1591,ร้านค้าทั่วไป
1848,1592,ร้านค้าทั่วไป
1849,1593,ร้านค้าทั่วไป
1850,1594,ร้านค้าทั่วไป
1851,1595,ร้านค้าทั่วไป
1852,1596,ร้านค้าทั่วไป
1853,1597,ร้านค้าทั่วไป
1854,1598,ร้านค้าทั่วไป
1855,1599,ร้านค้าทั่วไป
1856,1600,ร้านค้าทั่วไป
1857,1601,ร้านค้าทั่วไป
1858,1602,ร้านค้าทั่วไป
1859,1603,ร้านค้าทั่วไป
1860,1604,ร้านค้าทั่วไป
1861,1605,ร้านค้าทั่วไป
1862,1606,ร้านค้าทั่วไป
1863,1607,ร้านค้าทั่วไป
1864,1608,ร้านค้าทั่วไป
1865,1609,ร้านค้าทั่วไป
1866,1610,ร้านค้าทั่วไป
1867,1611,ร้านค้าทั่วไป
1868,1612,รับสินค้าทุกประเภท
1869,1613,ร้านค้าทั่วไป
1870,1614,ร้านค้าทั่วไป
1871,1615,ร้านค้าทั่วไป
1872,1616,รับสินค้าทุกประเภท
1873,1617,ร้านค้าทั่วไป
1874,1618,ร้านค้าทั่วไป
1875,1619,ร้านค้าทั่วไป
1876,1620,ยินดีต้อนรับร้านค้าทุกประเภท
1877,1621,รับสินค้าทุกประเภท
1878,1622,ร้านค้าทั่วไป
1879,1623,ร้านค้าทั่วไป
1880,1624,ร้านค้าทั่วไป
1881,1625,ร้านค้าทั่วไป
1882,1626,รับสินค้าทุกประเภท
1883,1627,รับสินค้าทุกประเภท
1884,1628,ร้านค้าทั่วไป
1885,1629,รับสินค้าทุกประเภท
1886,1630,รับสินค้าทุกประเภท
1887,1631,รับสินค้าทุกประเภท
1888,1632,รับสินค้าทุกประเภท
1889,1633,รับสินค้าทุกประเภท
1890,1634,รับสินค้าทุกประเภท
1891,1635,รับสินค้าทุกประเภท
1892,1636,รับสินค้าทุกประเภท
1893,1637,รับสินค้าทุกประเภท
1894,1638,รับสินค้าทุกประเภท
1895,1639,รับสินค้าทุกประเภท
1896,1640,รับสินค้าทุกประเภท
1897,1641,รับสินค้าทุกประเภท
1898,1642,รับสินค้าทุกประเภท
1899,1643,รับสินค้าทุกประเภท
1900,1644,รับสินค้าทุกประเภท
1901,1645,รับสินค้าทุกประเภท
1902,1646,รับสินค้าทุกประเภท
1903,1647,รับสินค้าทุกประเภท
1904,1648,รับสินค้าทุกประเภท
1905,1649,รับสินค้าทุกประเภท
1906,1650,รับสินค้าทุกประเภท
1907,1651,รับสินค้าทุกประเภท
1908,1652,รับสินค้าทุกประเภท
1909,1653,รับสินค้าทุกประเภท
1910,1654,รับสินค้าทุกประเภท
1911,1655,รับสินค้าทุกประเภท
1912,1656,รับสินค้าทุกประเภท
1913,1657,รับสินค้าทุกประเภท
1914,1658,รับสินค้าทุกประเภท
1915,1659,รับสินค้าทุกประเภท
1916,1660,รับสินค้าทุกประเภท
1917,1661,รับสินค้าทุกประเภท
1918,1662,รับสินค้าทุกประเภท
1919,1663,รับสินค้าทุกประเภท
1920,1664,รับสินค้าทุกประเภท
1921,1665,รับสินค้าทุกประเภท
1922,1666,รับสินค้าทุกประเภท
1923,1667,รับสินค้าทุกประเภท
1924,1668,รับสินค้าทุกประเภท
1925,1669,รับสินค้าทุกประเภท
1926,1670,รับสินค้าทุกประเภท
1927,1671,รับสินค้าทุกประเภท
1928,1672,รับสินค้าทุกประเภท
1929,1673,รับสินค้าทุกประเภท
1930,1674,รับสินค้าทุกประเภท
1931,1675,รับสินค้าทุกประเภท
1932,1676,รับสินค้าทุกประเภท
1933,1677,รับสินค้าทุกประเภท
1934,1678,รับสินค้าทุกประเภท
1935,1679,รับสินค้าทุกประเภท
1936,1680,รับสินค้าทุกประเภท
1937,1681,รับสินค้าทุกประเภท
1938,1682,รับสินค้าทุกประเภท
1939,1683,รับสินค้าทุกประเภท
1940,1684,รับสินค้าทุกประเภท
1941,1685,รับสินค้าทุกประเภท
1942,1686,รับสินค้าทุกประเภท
1943,1687,รับสินค้าทุกประเภท
1944,1688,รับสินค้าทุกประเภท
1945,1689,รับสินค้าทุกประเภท
1946,1690,รับสินค้าทุกประเภท
1947,1691,รับสินค้าทุกประเภท
1948,1692,ร้านค้าทั่วไป
1949,1693,ร้านค้าทั่วไป
1950,1694,ร้านค้าทั่วไป
1951,1695,ร้านค้าทั่วไป
1952,1696,ร้านค้าทั่วไป
1953,1697,ร้านค้าทั่วไป
1954,1698,ร้านค้าทั่วไป
1955,1699,ร้านค้าทั่วไป
1956,1700,ร้านค้าทั่วไป
1957,1701,ร้านค้าทั่วไป
1958,1702,ร้านค้าทั่วไป
1959,1703,ร้านค้าทั่วไป
1960,1704,ร้านค้าทั่วไป
1961,1705,ร้านค้าทั่วไป
1962,1706,ร้านค้าทั่วไป
1963,1707,ร้านค้าทั่วไป
1964,1708,ร้านค้าทั่วไป
1965,1709,ร้านค้าทั่วไป
1966,1710,ร้านค้าทั่วไป
1967,1711,ร้านค้าทั่วไป
1968,1712,ร้านค้าทั่วไป
1969,1713,ร้านค้าทั่วไป
1970,1714,ร้านค้าทั่วไป
1971,1715,ร้านค้าทั่วไป
1972,1716,ร้านค้าทั่วไป
1973,1717,ร้านค้าทั่วไป
1974,1718,ร้านค้าทั่วไป
1975,1719,ร้านค้าทั่วไป
1976,1720,ร้านค้าทั่วไป
1977,1721,ร้านค้าทั่วไป
1978,1722,ร้านค้าทั่วไป
1979,1723,ร้านค้าทั่วไป
1980,1724,ร้านค้าทั่วไป
1981,1724,ร้านอาหารทั่วไป
1982,1725,ร้านค้าทั่วไป
1983,1726,สินค้าเกษตร
1984,1727,ยินดีรับร้านค้าทุกชนิด
1985,1728,ยินดีต้อนรับร้านค้าทุกชนิด
1986,1729,เปิดรับร้านค้าทุกชนิด
1987,1730,ร้านค้าทั่วไป
1988,1731,ร้านค้าทั่วไป
1989,1732,ยินดีต้อนรับร้านค้าทุกประเภท
1990,1733,ยินดีต้อนรับทุกร้านค้า
1991,1734,ทุกประเภท
1992,1735,ร้านค้าทั่วไป
1993,1736,ร้านค้าทั่วไป
1994,1737,ร้านค้าทั่วไป
1995,1738,ร้านค้าทั่วไป
1996,1739,ร้านค้าทั่วไป
1997,1740,ร้านค้าทั่วไป
1998,1741,ร้านค้าทั่วไป
1999,1742,ร้านค้าทั่วไป
2000,1743,ร้านค้าทั่วไป
2001,1744,ร้านค้าทั่วไป
2002,1745,ร้านค้าทั่วไป
2003,1746,ร้านค้าทั่วไป
2004,1747,ร้านค้าทั่วไป
2005,1752,ร้านค้าทั่วไป
2006,1753,ร้านค้าทั่วไป
2007,1754,ร้านค้าทั่วไป
2008,1768,ร้านชานมไข่มุก
2009,1768,ร้านกาแฟสด
2010,1769,ร้านก๋วยเตี๋ยว
2011,1769,ร้านไก่ทอด
2012,1769,ร้านส้มตำ
2013,1769,ร้านซูชิ
2014,1770,ร้านผลไม้
2015,1770,ร้านอาหารทั่วไป
2016,1771,ร้านหมูกะทะ
2017,1771,ร้านอาหารญี่ปุ่น
2018,1771,ร้านกาแฟ
2019,1771,ร้านชานมไข่มุก
2020,1771,ร้านขายต้นไม้
2021,1772,ร้านค้าทั่วไป
2022,1772,ร้านอาหาร
2023,1772,ร้านเสี้อผ้า
2024,1773,ร้านข้าวเช้า  เที่ยง ขายประจำ
2025,1774,ร้านค้าทั่วไป
2026,1775,ร้านค้าทั่วไป
2027,1776,ร้านอาหารทั่วไป
2028,1776,ร้านค้าทั่วไป
2029,1777,ร้านขายต้นไม้
2030,1777,ร้านคอหมูย่าง
2031,1777,ร้านส้มตำ
2032,1777,ร้านอาหารอีสาน
2033,1777,ร้านอาหารทะเล
2034,1777,ร้านค้าทั่วไป
2035,1778,ร้านค้าทั่วไป
2036,1779,ร้านค้าทั่วไป
2037,1780,ร้านค้าทั่วไป
2038,1780,ร้านอาหารทั่วไป
2039,1781,ร้านค้าทั่วไป
2040,1781,ร้านอาหารทั่วไป
2041,1782,ร้านค้าทั่วไป
2042,1782,ร้านอาหารทั่วไป
2043,1783,ร้านอาหารทั่วไป
2044,1783,ร้านขนมทานเล่น
2045,1783,ร้านค้าทั่วไป
2046,1784,ร้านซูชิ
2047,1784,ร้านชานมไข่มุก
2048,1784,ร้านอาหารทั่วไป
2049,1785,สตรีทฟู้ดทุกประเภท
2050,1785,สตรีทแฟชั่น
2051,1785,ร้านค้าทั่วไป
2052,1785,ร้านอาหารทั่วไป
2053,1786,ร้านยำ
2054,1786,ร้านผลไม้ปอกพร้อมทาน
2055,1786,ร้านอาหารทั่วไป
2056,1787,ร้านอาหารทั่วไป
2057,1787,ร้านค้าทั่วไป
2058,1788,ร้านส้มตำ
2059,1788,ร้านยำ
2060,1788,ร้านอาหารย่าง
2061,1788,ร้านอาหารจานเดียว
2062,1788,ร้านอาหารจานด่วน
2063,1788,สตรีทฟู๊ด
2064,1788,ร้านสินค้าแฟชั่น
2065,1788,ร้านค้าทั่วไป
2066,1789,ร้านอาหาร
2067,1789,ร้านเครื่องดื่ม
2068,1789,ร้านของใช้
2069,1789,ร้านบริการ
2070,1789,ร้านค้าทั่วไป
2071,1790,ร้านค้าทั่วไป
2072,1790,ร้านอาหารทั่วไป
2073,1791,ร้านค้าทั่วไป
2074,1792,ร้านค้าทั่วไป
2075,1792,ร้านอาหารทั่วไป
2076,1793,ร้านข้าวราดแกง
2077,1793,ร้านชานมไข่มุก
2078,1793,ร้านซูชิ
2079,1793,ร้านข้าวมันไก่
2080,1793,ร้านขายต้นไม้
2081,1793,ร้านผลไม้
2082,1794,ร้านข้าวราดแกง
2083,1794,ร้านอาหารตามสั่ง
2084,1794,ร้านข้าวซอย
2085,1794,ร้านส้มตำ
2086,1794,ร้านข้าวหมูแดง
2087,1794,ร้านข้าวมันไก่
2088,1794,ร้านขายผลไม้
2089,1795,ร้านขายของมือ 2
2090,1795,ร้านขายของสะสม
2091,1795,ร้านอาหารทั่วไป
2092,1795,ร้านเครื่องดื่ม
2093,1795,ร้านค้าทั่วไป
2094,1796,ร้านค้าทั่วไป
2095,1796,ร้านอาหารทั่วไป
2096,1796,ร้านขายผักและผลไม้
2097,1797,ร้านขายต้นไม้
2098,1797,ร้านขายน้ำเพื่อสุขภาพ
2099,1797,ร้านค้าที่เหมาะแก่ผู้สูงอายุ
2100,1798,ร้านค้าทั่วไป
2101,1798,ร้านอาหารทั่วไป
2102,1801,ร้านค้าทั่วไป
2103,1801,ร้านอาหารทั่วไป
2104,1802,ร้านอาหารทั่วไป
2105,1802,ร้านค้าทั่วไป
2106,1803,ร้านค้าทั่วไป
2107,1803,ร้านอาหารทั่วไป
2108,1804,อาหารทานเล่น
2109,1804,อาหารจานด่วน
2110,1804,ร้านขนม
2111,1804,ร้านขายของทอด
2112,1804,ร้านอาหารทั่วไป
2113,1804,ร้านค้าทั่วไป
2114,1805,ร้านเป็ดพะโล้
2115,1805,ร้านขนมจีน
2116,1805,กุยช่าย
2117,1805,ร้านชานมไข่มุก
2118,1805,ร้านกาแฟโบราณ
2119,1805,ร้านขนมปัง
2120,1805,ร้านเครปญี่ปุ่น
2121,1805,ร้านโตเกียว
2122,1805,ร้านขนมทานเล่น
2123,1805,ร้านค้าทั่วไป
2124,1805,ร้านอาหารทั่วไป
2125,1806,ร้านเครป
2126,1806,คลีนิคทำฟัน
2127,1806,ร้านอาหารตามสั่ง
2128,1806,ร้านค้าทั่วไป
2129,1807,ร้านราดหน้า
2130,1807,ร้านอาหารตามสั่ง
2131,1807,ร้านข้าวต้ม
2132,1807,ร้านผัดไท
2133,1807,ร้านหอยทอด
2134,1807,ร้านสเต็ก
2135,1807,รถฟู๊ดทรัค
2136,1807,ร้านขายอาหารสำเร็จ
2137,1807,ร้านของมือ 2
2138,1808,ร้านค้าทั่วไป
2139,1808,ร้านกาแฟ
2140,1808,ร้านอาหารไทย
2141,1808,ร้านอาหารญี่ปุ่น
2142,1808,ร้านสะดวกซักผ้า
2143,1809,ร้านค้าทั่วไป
2144,1810,ร้านค้าทั่วไป
2145,1810,ร้านอาหารทั่วไป
2146,1811,ร้านค้าทั่วไป
2147,1811,ร้านอาหารทั่วไป
2148,1812,ร้านข้าวแกง
2149,1812,ร้านขายผลไม้
2150,1812,ร้านขายไข่ไก่
2151,1812,ร้านของกินต่างๆ
2152,1813,ร้านค้าทั่วไป
2153,1813,ร้านอาหารทั่วไป
2154,1815,อาหารของทานเล่น
2155,1815,พิชซ่า
2156,1815,ยำกุ้งเต้น
2157,1815,ยำขนมจีน
2158,1815,ยำแหนม
2159,1815,หอยแครง
2160,1815,แฟชั่น
2161,1815,ลาบปลาหมึก
2162,1815,**น้ำไม่รับ(เต็ม)
2163,1817,ร้านค้าทั่วไป
2164,1818,amazon
2165,1818,kfc
2166,1818,pizza
2167,1818,ร้านค้าทั่วไป
2168,1827,ร้านค้าทั่วไป
2169,1827,ร้านอาหารทั่วไป
2170,1829,ร้านแกงใต้
2171,1829,ร้านอาหารปรุงสุก
2172,1829,ร้านอาหารทั่วไป
2173,1829,ร้านอาหารไทย
2174,1829,ร้านค้าทั่วไป
2175,1834,ร้านค้าชานมไข่มุก
2176,1836,ร้านค้าทั่วไป
2177,1836,ร้านอาหารทั่วไป
